,ResponseId,ExternalReference,HUB_01,MOTIVATION_01,MOTIVATION_01_8_TEXT,PROFICIENCY_01,PROFICIENCY_02,PROFICIENCY_03,PROFICIENCY_05,PROFICIENCY_04,PRIOR_01,PRIOR_02,PRIOR_02_17_TEXT,PRIOR_05,PRIOR_06,PRIOR_06_3_TEXT,PRIOR_07,PRIOR_04,BELONG_01,BELONG_02,MENTOR_02,MENTOR_03,MENTOR_06_1,MENTOR_06_2,MENTOR_06_3,MENTOR_06_4,MENTOR_06_5,MENTOR_06_6,MENTOR_07_1,MENTOR_07_2,MENTOR_07_3,MENTOR_07_4,MENTOR_07_5,MENTOR_08,ACCESS_01,ACCESS_01_7_TEXT,PLANS_01,PLANS_02,PLANS_02_9_TEXT,PLANS_03,INTEREST_01,INTEREST_02,INTEREST_03,INTEREST_04,INTEREST_05,INTEREST_06,TESTIMONIAL,END,START,CLUSTER_SIZE
0,Response ID,External Data Reference,Which Discovery Hub are you participating in this term?,"Why do you choose to pursue research? Please select all that apply. -
Selected Choice","Why do you choose to pursue research? Please select all that apply. -
Other - Text",AppREDACTEDg knowledge from your major(s) to a research project/context.,AppREDACTEDg knowledge from your major(s) to real-world situations.,Engaging in research specific to your major(s).,Engaging in research not specific to your major(s).,Presenting your own research to a general audience.,"Prior to the Discovery Hubs, did you have any previous formal research
experience?","How did you obtain your previous formal research position(s)? Please
select all that apply. - Selected Choice","How did you obtain your previous formal research position(s)? Please
select all that apply. - Other - Text","What are the main differences between your prior research experiences
and your experiences in the Discovery Hubs?","Before deciding to pursue research through the Discovery Hubs, did you
consider any of the following other avenues for research involvement?
Please select all that apply. - Selected Choice","Before deciding to pursue research through the Discovery Hubs, did you
consider any of the following other avenues for research involvement?
Please select all that apply. - Other - Text","Why did you ultimately choose the Discovery Hubs over other avenues
for research involvement?","Describe the impact of your research experience in the Discovery Hubs
on your academic and career goals (e.g., skills gained, new interests,
or change in career path).",I identify as a researcher in my major(s).,I identify as a researcher outside of my major(s).,I know how to clarify expectations with my research mentor(s).,I know how to communicate my needs and goals to my research mentor(s).,My mentor is generally available to meet or talk when I need them.,My mentor is an active listener.,My mentor takes a sincere interest in my career.,My mentor acknowledges my contributions.,My mentor is supportive of work-life balance.,My mentor motivates me to improve my work.,My mentor demonstrates professional expertise.,"My mentor is helpful in providing direction and guidance on
professional issues.",My mentor helps me to formulate clear goals.,My mentor facilitates building my professional network.,My mentor provides thoughtful advice on my scholarly work.,"How much time, on average, did you spend speaking with (each of) your
mentor(s) per week?","Please tell us whether the following factors have limited your
engagement in research opportunities in the Discovery Hubs. Please
select all that apply. - Selected Choice","Please tell us whether the following factors have limited your
engagement in research opportunities in the Discovery Hubs. Please
select all that apply. - Other - Text","Do you plan to continue the same type of work that you are doing in
the Discovery Hubs?","If you do not plan to participate in similar work to your Discovery
Hub group, do you have plans to participate in any of the following? -
Selected Choice","If you do not plan to participate in similar work to your Discovery
Hub group, do you have plans to participate in any of the following? -
Other - Text","How certain are you about your plans for the future from the previous
question?","Would you be interested in participating in future opportunities with
the Discovery Hubs?","What would make you more likely to participate in future opportunities
with the Discovery Hubs?",What is your preferred length of project?,"Assuming the Discovery Hubs starts in the Fall term, what is the
latest month you would ideally want to be notified of the application
for the opportunity?","Assuming the Discovery Hubs starts in the Fall term, what is the
latest month you would ideally want to receive a final acceptance
offer for the position?","Please let us know any other information that might be relevant about
your interest in participating in future opportunities with the
Discovery Hubs.","Please tell us something that was special about this program, or
personal/academic/professional growth that you experienced as a result
of your participation in the Discovery Research Hub. Please take a
moment to note your thoughts, which are vital to our fundraising
efforts for this program.  For example, testimonials that we share
with donors show where there is impact and need. This helps us secure
resources, funding, and expanded opportunities for undergraduate
researchers in the coming academic terms.  Thank you!",Latest Discovery Hubs pre-survey date,,
1,"{""ImportId"":""_recordId""}","{""ImportId"":""externalDataReference""}","{""ImportId"":""QID55""}","{""ImportId"":""QID56""}","{""ImportId"":""QID56_8_TEXT""}","{""ImportId"":""QID27""}","{""ImportId"":""QID54""}","{""ImportId"":""QID28""}","{""ImportId"":""QID86""}","{""ImportId"":""QID29""}","{""ImportId"":""QID21""}","{""ImportId"":""QID12""}","{""ImportId"":""QID12_17_TEXT""}","{""ImportId"":""QID57_TEXT""}","{""ImportId"":""QID58""}","{""ImportId"":""QID58_3_TEXT""}","{""ImportId"":""QID59_TEXT""}","{""ImportId"":""QID60_TEXT""}","{""ImportId"":""QID30""}","{""ImportId"":""QID88""}","{""ImportId"":""QID32""}","{""ImportId"":""QID33""}","{""ImportId"":""QID61""}","{""ImportId"":""QID63""}","{""ImportId"":""QID64""}","{""ImportId"":""QID65""}","{""ImportId"":""QID66""}","{""ImportId"":""QID67""}","{""ImportId"":""QID68""}","{""ImportId"":""QID70""}","{""ImportId"":""QID71""}","{""ImportId"":""QID72""}","{""ImportId"":""QID73""}","{""ImportId"":""QID75""}","{""ImportId"":""QID25""}","{""ImportId"":""QID25_7_TEXT""}","{""ImportId"":""QID77""}","{""ImportId"":""QID78""}","{""ImportId"":""QID78_9_TEXT""}","{""ImportId"":""QID91""}","{""ImportId"":""QID79""}","{""ImportId"":""QID80_TEXT""}","{""ImportId"":""QID81""}","{""ImportId"":""QID82""}","{""ImportId"":""QID83""}","{""ImportId"":""QID85_TEXT""}","{""ImportId"":""QID89_TEXT""}",,,
2,R_18UqsIoQ7JCDc4m,REDACTED,CICI,"To engage in more active learning compared to the traditional classroom experience (e.g., reading textbooks with no application),To build mentorship connections",,Fair,Good,Fair,Very Good,Very Good,Yes,"Another program on campus (URAP, SURF, Rose Hills, Haas Scholars, UCDC)",,My prior experiences focused more on digitization while this one was more concerned with research and literary analysis.,"Another program on campus (URAP, SURF, Rose Hills, Haas Scholars)",,It sounded like a good opportunity to participate in research outside of my coursework.,Discovery Hubs helped me gain skills in literary analysis and map-building skills. I am also more interested in the Italian literary field following my involvement.,Agree,Agree,Agree,Agree,Agree,Strongly Agree,Strongly Agree,Strongly Agree,Agree,Agree,Agree,Agree,Agree,Agree,Agree,1-2 hrs/wk,"My academic workload and responsibilities,Financial concerns (e.g., related expenses, need for paid work left no time for something that feels 'extra')",,No.,Non-academic/industry research.,,Strongly considering,Yes,A research project concerned with my major.,Semester long,July,August,,"This program was an amazing experience, where I got to delve into research I would have otherwise never known about or considered. ",2026_05_16,2025_10_01,6.0
3,R_7i4D9xiTs1Y2oau,REDACTED,Molecular Foundry,"To make my undergraduate experience complete,To engage in more active learning compared to the traditional classroom experience (e.g., reading textbooks with no application),To explore career interests,To build mentorship connections,To prepare for graduate school",,Very Good,Very Good,Good,Very Good,Good,Yes,"Another program on campus (URAP, SURF, Rose Hills, Haas Scholars, UCDC)",,"I really appreciated the structure of the CICI group under my mentor Yvonne Lin. I liked how Discovery Hubs allowed me to do an independent research project, while still having structured mentorship. I didn't enjoy my previous research through URAP as much as I because I didn't get to choose the project, since I was just working on a project that my professor assigned to me. ","Another program on campus (URAP, SURF, Rose Hills, Haas Scholars)",,"I liked the topic of my CICI Discovery Hub cluster more than the URAP listings. I also liked that the Discovery Hub allowed me to do my own research, rather than working for a professor, and that my group was collaborative in discussion.  ","I learned how to do readings for the purpose of advancing my own research, rather than for the all the content. It was a different type of reading that I didn’t know about before. Additionally, the subject that I ended up writing my research paper about (Education Technology) ended up being something I really enjoyed researching, and I can see myself pursuing this research further in the future, e.g. through grad school. Previously, I was interested in grad school, but I didn’t know my research interests; thus, I think Discovery Hub was really helpful in helping me discover and refine my research interests. ",Somewhat Disagree,Strongly Agree,Agree,Agree,Agree,Agree,Strongly Agree,Strongly Agree,Strongly Agree,Strongly Agree,Strongly Agree,Strongly Agree,Strongly Agree,Agree,Strongly Agree,More than 5 hrs/week,"My academic workload and responsibilities,My family responsibilities/commitments",,No.,Professional practice.,,Position secured or offered accepted,"I would be interested, but I am not eligible due to graduating this semester",,Year long,August,August,,"I really enjoyed my Discovery Hubs experience, as it allowed me to experience the structure of a grad class, receive support from a knowledgeable and caring graduate mentor who graciously provided insights about the hidden curriculum of grad school, and conduct an independent research project, which has helped me discover and refine my research interests. Now, I feel more prepared for grad school, feel more confident in my ability to conduct research, and have begun to see grad school as a more realistic option for me. ",2026_05_16,2025_10_01,4.0
4,R_7i4D9xiTs1Y2oau,REDACTED,CICI,"To make my undergraduate experience complete,To engage in more active learning compared to the traditional classroom experience (e.g., reading textbooks with no application),To explore career interests,To build mentorship connections,To prepare for graduate school",,Very Good,Very Good,Good,Very Good,Good,Yes,"Another program on campus (URAP, SURF, Rose Hills, Haas Scholars, UCDC)",,"I really appreciated the structure of the CICI group under my mentor Yvonne Lin. I liked how Discovery Hubs allowed me to do an independent research project, while still having structured mentorship. I didn't enjoy my previous research through URAP as much as I because I didn't get to choose the project, since I was just working on a project that my professor assigned to me. ","Another program on campus (URAP, SURF, Rose Hills, Haas Scholars)",,"I liked the topic of my CICI Discovery Hub cluster more than the URAP listings. I also liked that the Discovery Hub allowed me to do my own research, rather than working for a professor, and that my group was collaborative in discussion.  ","I learned how to do readings for the purpose of advancing my own research, rather than for the all the content. It was a different type of reading that I didn’t know about before. Additionally, the subject that I ended up writing my research paper about (Education Technology) ended up being something I really enjoyed researching, and I can see myself pursuing this research further in the future, e.g. through grad school. Previously, I was interested in grad school, but I didn’t know my research interests; thus, I think Discovery Hub was really helpful in helping me discover and refine my research interests. ",Somewhat Disagree,Strongly Agree,Agree,Agree,Agree,Agree,Strongly Agree,Strongly Agree,Strongly Agree,Strongly Agree,Strongly Agree,Strongly Agree,Strongly Agree,Agree,Strongly Agree,More than 5 hrs/week,"My academic workload and responsibilities,My family responsibilities/commitments",,No.,Professional practice.,,Position secured or offered accepted,"I would be interested, but I am not eligible due to graduating this semester",,Year long,August,August,,"I really enjoyed my Discovery Hubs experience, as it allowed me to experience the structure of a grad class, receive support from a knowledgeable and caring graduate mentor who graciously provided insights about the hidden curriculum of grad school, and conduct an independent research project, which has helped me discover and refine my research interests. Now, I feel more prepared for grad school, feel more confident in my ability to conduct research, and have begun to see grad school as a more realistic option for me. ",2026_05_16,2025_10_01,4.0
5,R_7NXloOmdfSTc8GK,REDACTED,CICI,"To make my undergraduate experience complete,To engage in more active learning compared to the traditional classroom experience (e.g., reading textbooks with no application),To shape knowledge, not just consume it,To gain hands-on skills,To explore career interests,To build mentorship connections,To prepare for graduate school",,Excellent,Excellent,Excellent,Good,Good,Yes,"Another program on campus (URAP, SURF, Rose Hills, Haas Scholars, UCDC)",,A major difference from my previous research experiences and my experience with the discovery hub is that unlike in my prior research positions through the discovery hub I was able to be financially compensated for my research,"Reaching out directly to a professor,Another program on campus (URAP, SURF, Rose Hills, Haas Scholars)",,"I selected the discovery hub research position over other research opportunities for several reasons. This included having the opportunity of gaining research experience in an area that aligned with my major and interest, the opportunity for mentorship, and the opportunity to be financially compensated",I feel like I have a better understanding of how important and valuable having mentorship Incorporated in your academic and professional Journey can be. Also I feel more confident in my ability to pursue and get into graduate school,Strongly Agree,Strongly Agree,Strongly Agree,Strongly Agree,Strongly Agree,Strongly Agree,Strongly Agree,Strongly Agree,Strongly Agree,Strongly Agree,Strongly Agree,Strongly Agree,Strongly Agree,Strongly Agree,Strongly Agree,1-2 hrs/wk,"My academic workload and responsibilities,My job responsibilties and work hours,My family responsibilities/commitments,Transportation to/from research site (cost or time)",,"Yes, in a different group.",,,Exploring options,Yes,If there is an opportunity for my engagement in research to be financially compensated and if research opportunity aligns with my interests,Semester long,June,August,,"Having dedicated mentorship and the opportunity to gain research experience in an area aligned with my major was truly invaluable. For many students, including myself, it was also crucial that the Discovery Hub research positions offered financial compensation. Without that support, I would not have been able to participate in research at all.",2026_05_16,2025_10_01,3.0
6,R_6wlcjtRHyJmE34d,REDACTED,CICI,"To make my undergraduate experience complete,To shape knowledge, not just consume it,To prepare for graduate school",,Very Good,Good,Very Good,Fair,Good,Yes,"Another program on campus (URAP, SURF, Rose Hills, Haas Scholars, UCDC)",,The main difference is that we have a final presentation at the end. ,"Another program on campus (URAP, SURF, Rose Hills, Haas Scholars)",,Because of the year long process and the consistent mentorship + workshops. ,Helped me learn new coding skills ,Agree,Somewhat Agree,Strongly Agree,Strongly Agree,Strongly Agree,Strongly Agree,Strongly Agree,Strongly Agree,Strongly Agree,Strongly Agree,Strongly Agree,Strongly Agree,Strongly Agree,Strongly Agree,Strongly Agree,1-2 hrs/wk,My academic workload and responsibilities,,No.,None of the above.,,Strongly considering,Yes,I’m not sure ,Year long,June,August,,,2026_05_16,,3.0
7,R_66fkOCY6K0HjqcX,REDACTED,CICI,"To gain hands-on skills,To explore career interests,To build mentorship connections,To prepare for graduate school",,Very Good,Good,Excellent,Fair,Good,Yes,"Another program on campus (URAP, SURF, Rose Hills, Haas Scholars, UCDC)",,"i really liked how my experience in the discovery hub program was much more student-driven. instead of just doing labor for other people's projects, i liked how the focus of the program was on developing my own research questions and being able to explore those questions through my paper. i really love how, at the end of the program, i now have my own work product that i've developed, which tangibly demonstrates the work that i've done over the past year, rather than just having random tasks i've done for other people's projects.","Another program on campus (URAP, SURF, Rose Hills, Haas Scholars)",,"i really liked a lot of the differences i mentioned earlier, such as the opportunity to develop my own project. i also really felt that the projects under discover hubs were much more relevant to my own personal interests, and i really liked the more hands-on mentorship within the program. ","i really feel like my experience has given me a much more concrete understanding of what grad school entails and how to get there. in all my time at berkeley, i think that this program has given me the most direct support for my long-term career goals of going into academia for literature.",Strongly Agree,Somewhat Agree,Strongly Agree,Strongly Agree,Strongly Agree,Strongly Agree,Strongly Agree,Strongly Agree,Strongly Agree,Strongly Agree,Strongly Agree,Strongly Agree,Strongly Agree,Strongly Agree,Strongly Agree,1-2 hrs/wk,My academic workload and responsibilities,,"Yes, in a different group.",,,Exploring options,Yes,interest in the projects that are being offered,Year with possibility of extending into summer,August,August,,"the opportunity to work under the CICI program this year was the most special and exciting thing i've done throughout all of my time at berkeley. i really feel like this program materially changed my outlook on my academic work, as well as my career goals. i don't say this about many things, but i really feel like my time under this program genuinely transformed my life, and is one of the things that makes me extremely glad that i stayed in berkeley for (rather than transferring, which i had been considering for some time last year). ",2026_05_16,2025_10_01,4.0
8,R_5fN3j5t9qzRIaD1,REDACTED,CICI,"To engage in more active learning compared to the traditional classroom experience (e.g., reading textbooks with no application),To shape knowledge, not just consume it,To gain hands-on skills,To build mentorship connections,To prepare for graduate school",,Very Good,Very Good,Very Good,Fair,Fair,Yes,"Another program on campus (URAP, SURF, Rose Hills, Haas Scholars, UCDC)",,"The Discovery Hubs research project felt more collaborative, and there were several more opportunities for mentorship and gain insight into what graduate-level work looks like ","Another program on campus (URAP, SURF, Rose Hills, Haas Scholars)",,I appreciated the direct mentorship aspect and also enjoyed getting to know other undergraduates in different disciplines ,"I learned more about my own research interests and helped clarify what I would look for in a graduate program, should I continue this research",Agree,Disagree,Somewhat Agree,Agree,Somewhat Agree,Strongly Agree,Somewhat Agree,Agree,Agree,Agree,Agree,Agree,Agree,Agree,Agree,1-2 hrs/wk,My academic workload and responsibilities,,No.,Government / nonprofit.,,Position secured or offered accepted,Yes,,Year long,June,August,,"The Discovery Research Hub helped me recognize how essential interdisciplinary research is in shaping a research project. I learned how to work collaboratively with people who have different trainings, and I learned how my own disciplinary perspective brings in new insight. I am glad to have received mentorship from a PhD student who modeled to me what rigorous research practically looks like. ",2026_05_16,2025_10_01,5.0
9,R_50eGVsbheXy0nNN,REDACTED,NASA Biosciences,"To explore career interests,To build mentorship connections,To prepare for graduate school",,Excellent,Excellent,Excellent,Excellent,Excellent,Yes,Friend or acquaintance connected me to a research group,,Idk man,Reaching out directly to a professor,,Idk man,Idk man,Strongly Agree,Strongly Agree,Strongly Agree,Strongly Agree,Strongly Agree,Strongly Agree,Strongly Agree,Strongly Agree,Strongly Agree,Strongly Agree,Strongly Agree,Strongly Agree,Strongly Agree,Strongly Agree,Strongly Agree,More than 5 hrs/week,My academic workload and responsibilities,,"Yes, in the same group.",,,Position secured or offered accepted,Yes,Idk man,Year with possibility of extending into summer,March,August,,N/a,2026_05_16,,4.0
10,R_3eLbZMACvnntlJT,REDACTED,Molecular Foundry,"To engage in more active learning compared to the traditional classroom experience (e.g., reading textbooks with no application),To gain hands-on skills,To explore career interests,To build mentorship connections,To prepare for graduate school",,Very Good,Good,Good,Good,Very Good,Yes,"Another program on campus (URAP, SURF, Rose Hills, Haas Scholars, UCDC),Other","Applied online to summer research opportunities at other universities (Purdue SURF, UIC Pediatrics Summer Scholars Fellowship).","The level of mentorship I received during Discovery Hubs far exceeded my previous research experiences. I was able to have in-depth conversations with my mentor to clearly define the scope of my work, sharpen my understanding of its significance, and understand how it can be applied in the future. I also narrowed my future ambitions for what to pursue in graduate school. This was a sharp contrast to previous projects where I was given very little supervision and came out of the project feeling more isolated and less fulfilled.","Reaching out directly to a professor,Another program on campus (URAP, SURF, Rose Hills, Haas Scholars)",,I liked my project the most.,"Honing career path, more passion for scientific communication (poster/slide-making, presenting)",Strongly Agree,Strongly Agree,Strongly Agree,Strongly Agree,Strongly Agree,Strongly Agree,Strongly Agree,Strongly Agree,Strongly Agree,Strongly Agree,Strongly Agree,Strongly Agree,Strongly Agree,Agree,Strongly Agree,1-2 hrs/wk,My academic workload and responsibilities,,"Yes, in the same group.",,,Position secured or offered accepted,Yes,If an opportunity were to open early for previous participants to opt into.,Year long,July,August,,,2026_05_16,,
11,R_35Ns4eRouMdR3TJ,REDACTED,Molecular Foundry,"To make my undergraduate experience complete,To engage in more active learning compared to the traditional classroom experience (e.g., reading textbooks with no application),To shape knowledge, not just consume it,To gain hands-on skills,To explore career interests,To build mentorship connections,To prepare for graduate school",,Good,Good,Good,Good,Good,Yes,Other,SULI program at Stanford alinear Accelerator Center,I had a more active role in the research for this experience. ,"Another program on campus (URAP, SURF, Rose Hills, Haas Scholars)",,Because the topic interested me,I have gained a lot more confidence in my skills to convey my research to others,Agree,Agree,Agree,Agree,Agree,Strongly Agree,Strongly Agree,Strongly Agree,Agree,Strongly Agree,Strongly Agree,Strongly Agree,Strongly Agree,Strongly Agree,Strongly Agree,More than 5 hrs/week,My academic workload and responsibilities,,"Yes, in the same group.",,,Position secured or offered accepted,Yes,,Year with possibility of extending into summer,June,August,,I really appreciated my mentor being open to questions and explaining difficult concepts to me in a welcoming environment ,2026_05_16,,
12,R_1jYEJ3C1TLy19O0,REDACTED,Kavli ENSI,"To engage in more active learning compared to the traditional classroom experience (e.g., reading textbooks with no application),To shape knowledge, not just consume it,To prepare for graduate school",,Good,Good,Very Good,Good,Good,Yes,Other,Filled out a professor's application ,Discovery Hub was much more extensive and the mentorship aspect was amazing. I learned so much..,Reaching out directly to a professor,,I loved the support and the experience and my mentor was great ,It made me consider biophysics as an avenue ,Agree,Agree,Agree,Agree,Strongly Agree,Strongly Agree,Strongly Agree,Strongly Agree,Strongly Agree,Strongly Agree,Strongly Agree,Strongly Agree,Strongly Agree,Strongly Agree,Strongly Agree,3-4 hrs/week,My academic workload and responsibilities,,"Yes, in the same group.",,,Position secured or offered accepted,Yes,,Year with possibility of extending into summer,July,August,,I'm a physics and astrophysics major being able to be exposed to biophysics was amazing and made me consider biophysics for grad school. ,2026_05_16,2025_10_01,4.0
13,R_1TV5iB2uAPZdDJ7,REDACTED,Kavli ENSI,"To engage in more active learning compared to the traditional classroom experience (e.g., reading textbooks with no application),To shape knowledge, not just consume it,To gain hands-on skills,To explore career interests,To prepare for graduate school",,Very Good,Very Good,Very Good,Good,Very Good,Yes,"Another program on campus (URAP, SURF, Rose Hills, Haas Scholars, UCDC)",,"The main difference between my prior research experiences and my experiences in the Discovery Hubs was the level of structure and intentional skill development. The Discovery Hubs provided a more supportive environment for learning how to conduct research, communicate ideas, and grow professionally. I especially appreciated the workshops and mentorship opportunities, which helped me build confidence in both my technical and collaborative skills. Compared to some of my previous experiences, the Discovery Hubs felt more focused on helping students learn and develop as researchers, not just contribute to projects.","Reaching out directly to a professor,Another program on campus (URAP, SURF, Rose Hills, Haas Scholars)",,"I chose the Discovery Hubs because of the supportive and structured environment they offered for students who were still developing their research experience. I was drawn to the mentorship, workshops, and opportunity to build both technical and professional skills while contributing to meaningful research.","My experience in the Discovery Hubs strengthened my confidence as a researcher and helped me develop valuable technical, communication, and collaboration skills. It also reinforced my interest in pursuing research-related opportunities in materials science and showed me how impactful interdisciplinary research can be.",Strongly Agree,Disagree,Agree,Agree,Strongly Agree,Strongly Agree,Strongly Agree,Agree,Strongly Agree,Strongly Agree,Strongly Agree,Strongly Agree,Agree,Somewhat Agree,Agree,3-4 hrs/week,"My academic workload and responsibilities,My job responsibilties and work hours,My family responsibilities/commitments",,"Yes, in the same group.",,,Position secured or offered accepted,Yes,"I would be more likely to participate in future opportunities with the Discovery Hubs if there were continued opportunities for mentorship and skill-building workshops, as well as collaborative research experiences. I especially value programs that help students grow professionally while connecting with a supportive research community.",Semester long,May,August,,"Participating in the Discovery Research Hub gave me the confidence to see myself as a researcher and someone capable of contributing meaningful ideas. One of the most special parts of the program was how supportive and encouraging the environment felt. Through the mentorship and workshop opportunities, I not only developed technical and professional skills, but also grew more confident developing my research capabilities.

As a student, having access to programs like this makes a huge difference. The Discovery Hubs created opportunities that made research feel more accessible and welcoming, and it helped me grow both academically and personally. I am truly grateful for the experience and for the people who made it possible. Thank you!",2026_05_16,2025_10_01,4.0
14,R_7td5xRnoE3VhQ4x,REDACTED,CICI,"To make my undergraduate experience complete,To engage in more active learning compared to the traditional classroom experience (e.g., reading textbooks with no application),To shape knowledge, not just consume it,To gain hands-on skills,To build mentorship connections,To prepare for graduate school",,Excellent,Excellent,Excellent,Good,Very Good,Yes,"Reached out directly to a professor,Friend or acquaintance connected me to a research group",,Primarily quantitativ.,Reaching out directly to a professor,,I knew my mentor beforehand.,Increased readiness for graduate school and academic research.,Strongly Agree,Agree,Agree,Strongly Agree,Strongly Agree,Strongly Agree,Strongly Agree,Strongly Agree,Strongly Agree,Strongly Agree,Strongly Agree,Strongly Agree,Agree,Strongly Agree,Agree,3-4 hrs/week,"My academic workload and responsibilities,Financial concerns (e.g., related expenses, need for paid work left no time for something that feels 'extra')",,"Yes, in the same group.",,,Actively appREDACTEDg,"I would be interested, but I am not eligible due to graduating this semester",Pay.,Year with possibility of extending into summer,August,August,,,2026_05_16,,8.0
15,R_6zC4cP08z27nVvO,REDACTED,CICI,"To shape knowledge, not just consume it,To gain hands-on skills",,Excellent,Excellent,Excellent,Very Good,Very Good,No,,,,Reaching out directly to a professor,,The research aligned with my interests ,Help narrow down my own study of interest ,Agree,Somewhat Agree,Agree,Agree,Agree,Strongly Agree,Strongly Agree,Strongly Agree,Strongly Agree,Strongly Agree,Strongly Agree,Strongly Agree,Strongly Agree,Strongly Agree,Strongly Agree,3-4 hrs/week,"My academic workload and responsibilities,My job responsibilties and work hours",,"Yes, in the same group.",,,Actively appREDACTEDg,No,More research opportunities ,Year long,August,June,N/a,Na,2026_05_16,,3.0
16,R_5z6YgLVcEqEeKJV,REDACTED,Social Sciences,"To engage in more active learning compared to the traditional classroom experience (e.g., reading textbooks with no application)",,Very Good,Very Good,Very Good,Good,Very Good,Yes,"Reached out directly to a professor,Another program on campus (URAP, SURF, Rose Hills, Haas Scholars, UCDC)",,Bigger team ,"Another program on campus (URAP, SURF, Rose Hills, Haas Scholars)",,I both both haas and discovery but just wanted more experience ,I learned how to work in a group and was able to work under someone who is amazing!,Agree,Somewhat Agree,Strongly Agree,Strongly Agree,Strongly Agree,Strongly Agree,Strongly Agree,Strongly Agree,Strongly Agree,Strongly Agree,Strongly Agree,Strongly Agree,Strongly Agree,Strongly Agree,Strongly Agree,3-4 hrs/week,My academic workload and responsibilities,,No.,"Teaching / education.,Government / nonprofit.",,Actively appREDACTEDg,Yes,,Year long,August,August,,,2026_05_16,2025_10_01,4.0
17,R_5j7odQjZqXYFbvz,REDACTED,CICI,"To make my undergraduate experience complete,To engage in more active learning compared to the traditional classroom experience (e.g., reading textbooks with no application),To shape knowledge, not just consume it,To gain hands-on skills",,Excellent,Excellent,Excellent,Good,Excellent,No,,,,Other,No,I knew my mentor and wanted to work with him to get to know his field better. ,I learned how to think and read more critically and I have further developed my research interests. ,Agree,Somewhat Agree,Somewhat Agree,Agree,Agree,Agree,Strongly Agree,Agree,Strongly Agree,Agree,Strongly Agree,Strongly Agree,Strongly Agree,Somewhat Disagree,Strongly Agree,3-4 hrs/week,My academic workload and responsibilities,,"Yes, in a different group.",,,Strongly considering,Yes,I am not sure as I am already planning on appREDACTEDg to future opportunities with the Discovery Hub. ,Year with possibility of extending into summer,July,August,,"This program really helped me identify what my academic interests were and where my forte and shortcomings were as a researcher. I was able to engage in my academic work with a more critical and interdisciplinary lens, and I feel more confident as an academic. This experience solidifed my desire to pursuit a doctorate to become a researcher and a professor. I was able to realise my passion and course correct my future academic plans: initially, I was aiming to recieve a doctorate degree in english literature. However, after this experience, and after much mentorship, I have pivoted to pursuing a doctorate degree in comparative literature. ",2026_05_16,2025_10_01,4.0
18,R_5VdpocaZG6v8z2H,REDACTED,Molecular Foundry,"To shape knowledge, not just consume it,To explore career interests,To build mentorship connections",,Excellent,Very Good,Excellent,Fair,Very Good,Yes,Friend or acquaintance connected me to a research group,,I had more of a project at Discovery,Reaching out directly to a professor,,I choose discovery because of the project I got accepted to.,"It was good, it helped me gain connections and clarify my career goals.",Strongly Agree,Strongly Agree,Agree,Strongly Agree,Strongly Agree,Strongly Agree,Strongly Agree,Strongly Agree,Agree,Strongly Agree,Strongly Agree,Strongly Agree,Strongly Agree,Strongly Agree,Strongly Agree,More than 5 hrs/week,"My academic workload and responsibilities,My job responsibilties and work hours",,"Yes, in the same group.",,,Position secured or offered accepted,Yes,Clearer projects and options to choose from.,Year long,March,May,,,2026_05_16,,
19,R_3f84qTlIdXUpJ9B,REDACTED,Molecular Foundry,"To engage in more active learning compared to the traditional classroom experience (e.g., reading textbooks with no application),To gain hands-on skills,To explore career interests,To build mentorship connections",,Very Good,Very Good,Very Good,Good,Very Good,Yes,Other,,Berkeley lab is more famous,"Another program on campus (URAP, SURF, Rose Hills, Haas Scholars)",,The research opportunity here was more interesting and impactful than the other,Gave me hands on experience with software engineering and working in a team,Disagree,Disagree,Strongly Agree,Strongly Agree,Strongly Agree,Strongly Agree,Strongly Agree,Strongly Agree,Strongly Agree,Agree,Strongly Agree,Strongly Agree,Strongly Agree,Agree,Agree,1-2 hrs/wk,My academic workload and responsibilities,,"Yes, in a different group.",,,Position secured or offered accepted,Yes,,Semester long,June,July,,The discovery hubs program at the molecular foundry helped me gain essential hands on software and data engineering experience which is highly transferable to future internships and jobs. The mentors are also caring and inspiring.,2026_05_16,2025_10_01,
20,R_1VBXG5vxKnuexJV,REDACTED,CICI,To prepare for graduate school,,Very Good,Very Good,Very Good,Good,Fair,Yes,"Another program on campus (URAP, SURF, Rose Hills, Haas Scholars, UCDC)",,Discovery Hubs were interdisciplinary,"Another program on campus (URAP, SURF, Rose Hills, Haas Scholars)",,I wanted to do interdisciplinary research,I feel more ready for grad school,Agree,Somewhat Agree,Strongly Agree,Strongly Agree,Strongly Agree,Strongly Agree,Strongly Agree,Strongly Agree,Strongly Agree,Strongly Agree,Strongly Agree,Strongly Agree,Strongly Agree,Strongly Agree,Strongly Agree,3-4 hrs/week,My academic workload and responsibilities,,"Yes, in the same group.",,,Exploring options,Yes,I would like to participate,Semester long,March,August,,,2026_05_16,,5.0
21,R_1ORni2Z4zXUlYe5,REDACTED,CNMAT,"To make my undergraduate experience complete,To engage in more active learning compared to the traditional classroom experience (e.g., reading textbooks with no application),To shape knowledge, not just consume it,To gain hands-on skills,To explore career interests,To build mentorship connections,To prepare for graduate school",,Very Good,Good,Very Good,Fair,Good,Yes,"Reached out directly to a professor,Friend or acquaintance connected me to a research group",,Research support and infrastructure through discovery hubs,"Reaching out directly to a professor,Another program on campus (URAP, SURF, Rose Hills, Haas Scholars)",,,Strong mentorship was helpful,Somewhat Agree,Somewhat Agree,Agree,Strongly Agree,Agree,Strongly Agree,Agree,Somewhat Agree,Strongly Agree,Somewhat Agree,Agree,Agree,Agree,Somewhat Agree,Agree,1-2 hrs/wk,My academic workload and responsibilities,,"Yes, in the same group.",,,Position secured or offered accepted,Yes,More networking and workshop activities,Year long,May,July,,"It was so interesting to be a part of an organization that is so cross disciplinary. I hope that there are more opportunities opened up by discovery hubs in the future, such as conferencing events, research meetings and presentations, and workshops.",2026_05_16,,
22,R_6kRx3wFtPDhmWJ3,REDACTED,CICI,"To make my undergraduate experience complete,To engage in more active learning compared to the traditional classroom experience (e.g., reading textbooks with no application),To shape knowledge, not just consume it,To gain hands-on skills,To explore career interests,To build mentorship connections",,Excellent,Excellent,Excellent,Excellent,Excellent,No,,,,"Reaching out directly to a professor,Another program on campus (URAP, SURF, Rose Hills, Haas Scholars),Other",,"I was accepted into the program, and it's what worked best for my schedule. ",I would say I learned more about the research topic and the cross-connections between two fields that I thought were unrelated. ,Agree,Agree,Agree,Agree,Agree,Agree,Somewhat Agree,Agree,Agree,Agree,Agree,Somewhat Agree,Somewhat Agree,Somewhat Disagree,Agree,1-2 hrs/wk,My academic workload and responsibilities,,"Yes, in the same group.",,,Strongly considering,Yes,If I have a good experience in the program.,Year with possibility of extending into summer,March,March,,I gained more knowledge and insight into a field I didn't know about before. I also got to work with other students on the same project which was satisfying. ,2026_05_16,,
23,R_6DO9DyFTnsxivpD,REDACTED,Kavli ENSI,To prepare for graduate school,,Fair,Very Good,Very Good,Very Poor,Fair,Yes,Reached out directly to a professor,,This allows more hands on experiences allowing me to take more initiative ,"Reaching out directly to a professor,Another program on campus (URAP, SURF, Rose Hills, Haas Scholars)",,I thought it involved special mentorship which is unique.,It allowed me to gain insight in a new field I didn’t know much about. It helps prepare me with future endeavors.,Agree,Somewhat Agree,Strongly Agree,Strongly Agree,Somewhat Agree,Strongly Agree,Agree,Agree,Somewhat Agree,Strongly Agree,Strongly Agree,Strongly Agree,Somewhat Agree,Somewhat Agree,Strongly Agree,More than 5 hrs/week,"My academic workload and responsibilities,My job responsibilties and work hours,My family responsibilities/commitments",,"Yes, in the same group.",,,Exploring options,Yes,,Year with possibility of extending into summer,May,July,,,2026_05_16,,4.0
24,R_6Cr47IdGI8Q1LUi,REDACTED,NASA Biosciences,"To make my undergraduate experience complete,To engage in more active learning compared to the traditional classroom experience (e.g., reading textbooks with no application),To shape knowledge, not just consume it,To gain hands-on skills,To explore career interests,To build mentorship connections,To prepare for graduate school",,Very Good,Very Good,Very Good,Good,Very Good,Yes,Other,,"Working with a professional team, PhD student, scientists ","Reaching out directly to a professor,Another program on campus (URAP, SURF, Rose Hills, Haas Scholars)",,Interesting project,Opened my eyes to intersectional topics ,Strongly Agree,Agree,Agree,Agree,Strongly Agree,Strongly Agree,Strongly Agree,Strongly Agree,Strongly Agree,Strongly Agree,Strongly Agree,Strongly Agree,Strongly Agree,Strongly Agree,Strongly Agree,3-4 hrs/week,My academic workload and responsibilities,,"Yes, in the same group.",,,Strongly considering,Yes,,Year long,June,July,,,2026_05_16,,4.0
25,R_6Clbuejl0CgnOL1,REDACTED,CICI,"To make my undergraduate experience complete,To engage in more active learning compared to the traditional classroom experience (e.g., reading textbooks with no application),To shape knowledge, not just consume it,To gain hands-on skills,To explore career interests,To build mentorship connections,To prepare for graduate school",,Very Good,Excellent,Excellent,Excellent,Excellent,Yes,"Friend or acquaintance connected me to a research group,Another program on campus (URAP, SURF, Rose Hills, Haas Scholars, UCDC)",,I love the community Discovery Hubs provides!,"Another program on campus (URAP, SURF, Rose Hills, Haas Scholars)",,Found PhD students doing research I was deeply interested in!,"gained new skills, strengthened my passion for PhD programs.",Agree,Somewhat Agree,Strongly Agree,Strongly Agree,Strongly Agree,Strongly Agree,Strongly Agree,Strongly Agree,Strongly Agree,Strongly Agree,Strongly Agree,Strongly Agree,Strongly Agree,Strongly Agree,Strongly Agree,3-4 hrs/week,"My academic workload and responsibilities,My job responsibilties and work hours,My family responsibilities/commitments,Financial concerns (e.g., related expenses, need for paid work left no time for something that feels 'extra')",,"Yes, in a different group.",,,Strongly considering,"I would be interested, but I am not eligible due to graduating this semester",,Year long,,,n/a graduating,great great life changing experience!,2026_05_16,,8.0
26,R_5dSQrC91RGQvZbH,REDACTED,Kavli ENSI,"To engage in more active learning compared to the traditional classroom experience (e.g., reading textbooks with no application),To shape knowledge, not just consume it,To gain hands-on skills,To build mentorship connections,To prepare for graduate school",,Excellent,Fair,Excellent,Poor,Excellent,Yes,"Reached out directly to a professor,Friend or acquaintance connected me to a research group",,This one more engaged ,Reaching out directly to a professor,,Like this project ,Learn more about physics,Strongly Agree,Strongly Disagree,Strongly Agree,Strongly Agree,Strongly Agree,Agree,Strongly Agree,Strongly Agree,Somewhat Agree,Agree,Strongly Agree,Strongly Agree,Strongly Agree,Strongly Agree,Strongly Agree,More than 5 hrs/week,My academic workload and responsibilities,,"Yes, in the same group.",,,Generally considering,Yes,,Semester long,March,July,,,2026_05_16,2025_10_01,4.0
27,R_5QXV5opGxzGX9nP,REDACTED,CICI,"To make my undergraduate experience complete,To engage in more active learning compared to the traditional classroom experience (e.g., reading textbooks with no application),To shape knowledge, not just consume it,To gain hands-on skills,To explore career interests,To build mentorship connections,To prepare for graduate school",,Good,Fair,Fair,Fair,Very Good,No,,,,Reaching out directly to a professor,,Professors are hard to reach out to!,I’ve made friends and learned the value of collaborative research.,Agree,Somewhat Agree,Somewhat Agree,Agree,Strongly Agree,Strongly Agree,Strongly Agree,Strongly Agree,Strongly Agree,Strongly Agree,Strongly Agree,Strongly Agree,Somewhat Agree,Strongly Agree,Strongly Agree,3-4 hrs/week,"My academic workload and responsibilities,My job responsibilties and work hours,My family responsibilities/commitments,Other",Life!,"Yes, in a different group.",,,Generally considering,"I would be interested, but I am not eligible due to graduating this semester",,Year with possibility of extending into summer,May,July,,This has been such a wonderful opportunity to make friends and build research connections! Shoutout CICI!,2026_05_16,2025_10_01,5.0
28,R_3zkXI9fpdDPenCs,REDACTED,Social Sciences,"To shape knowledge, not just consume it,To gain hands-on skills,To prepare for graduate school",,Excellent,Good,Very Good,Good,Good,Yes,"Reached out directly to a professor,Seminar or conference,Another program on campus (URAP, SURF, Rose Hills, Haas Scholars, UCDC)",,Some were funded positions (rather than just based upon work study eligibility),"Reaching out directly to a professor,Another program on campus (URAP, SURF, Rose Hills, Haas Scholars)",,Interesting project,Skills gained,Strongly Agree,Strongly Disagree,Strongly Agree,Strongly Agree,Agree,Agree,Strongly Agree,Strongly Agree,Strongly Agree,Strongly Agree,Strongly Agree,Strongly Agree,Strongly Agree,Strongly Agree,Strongly Agree,1-2 hrs/wk,"My academic workload and responsibilities,My job responsibilties and work hours,Financial concerns (e.g., related expenses, need for paid work left no time for something that feels 'extra')",,"Yes, in a different group.",,,Position secured or offered accepted,"I would be interested, but I am not eligible due to graduating this semester",,Year long,May,June,,,2026_05_16,2025_10_01,4.0
29,R_3rx6GmxNPV3ZbFc,REDACTED,NASA Biosciences,"To engage in more active learning compared to the traditional classroom experience (e.g., reading textbooks with no application),To shape knowledge, not just consume it,To gain hands-on skills,To explore career interests,To build mentorship connections,To prepare for graduate school",,Fair,Fair,Very Good,Excellent,Very Good,No,,,,"Another program on campus (URAP, SURF, Rose Hills, Haas Scholars)",,I thought it fit my views most closely ,It extended my skills in AI,Somewhat Agree,Strongly Agree,Strongly Agree,Strongly Agree,Strongly Agree,Strongly Agree,Strongly Agree,Strongly Agree,Strongly Agree,Strongly Agree,Strongly Agree,Strongly Agree,Strongly Agree,Strongly Agree,Strongly Agree,3-4 hrs/week,"My academic workload and responsibilities,My job responsibilties and work hours,My family responsibilities/commitments",,"Yes, in the same group.",,,Generally considering,Yes,If it was more engineering related ,Year long,June,April,,I don’t know ,2026_05_16,,4.0
30,R_1zTvekgNc4w54WL,REDACTED,Molecular Foundry,"To make my undergraduate experience complete,To engage in more active learning compared to the traditional classroom experience (e.g., reading textbooks with no application),To shape knowledge, not just consume it,To gain hands-on skills,To explore career interests,To build mentorship connections,To prepare for graduate school",,Very Good,Very Good,Excellent,Poor,Fair,Yes,"Another program on campus (URAP, SURF, Rose Hills, Haas Scholars, UCDC)",,"With the Discovery Hub, it's more engaging &. ""real-world"" + better/stronger relationship with mentors","Reaching out directly to a professor,Another program on campus (URAP, SURF, Rose Hills, Haas Scholars)",,,Learned a lot and gained skills at a national lab!,Somewhat Agree,Disagree,Somewhat Agree,Agree,Strongly Agree,Strongly Agree,Agree,Agree,Somewhat Agree,Agree,Strongly Agree,Agree,Agree,Somewhat Disagree,Agree,3-4 hrs/week,My academic workload and responsibilities,,"Yes, in the same group.",,,Strongly considering,Yes,,Year with possibility of extending into summer,June,August,,"This was a great opportunity to do ""real"" research at a national lab, and to have great mentors guiding you through it. It was fun, educational, and really shaped my skills as a researcher.  ",2026_05_16,2025_10_01,
31,R_1Duu1GSm3aCo3UR,REDACTED,UCSF Anesthesia and Perioperative Care,"To engage in more active learning compared to the traditional classroom experience (e.g., reading textbooks with no application)",,Very Good,Very Good,Very Good,Very Good,Very Good,Yes,Friend or acquaintance connected me to a research group,,This is a wet lab experience ,Reaching out directly to a professor,,I enjoy my research at UCSF,it’s helped me engage with academics ,Agree,Agree,Agree,Agree,Agree,Agree,Agree,Agree,Agree,Agree,Agree,Agree,Agree,Agree,Agree,3-4 hrs/week,"Lack of interest,Transportation to/from research site (cost or time)",,"Yes, in the same group.",,,Actively appREDACTEDg,Yes,,Year long,April,April,,,2026_05_16,,
32,R_7ihDJRofbrBpslJ,REDACTED,Kavli ENSI,"To make my undergraduate experience complete,To engage in more active learning compared to the traditional classroom experience (e.g., reading textbooks with no application),To shape knowledge, not just consume it,To gain hands-on skills,To explore career interests,To prepare for graduate school",,Very Good,Good,Very Good,Good,Good,No,,,,"Another program on campus (URAP, SURF, Rose Hills, Haas Scholars)",,Unique opportunity for research ,Gained many skills and knowledge of research in general,Agree,Disagree,Agree,Agree,Agree,Agree,Agree,Agree,Agree,Agree,Agree,Agree,Agree,Agree,Agree,1-2 hrs/wk,My academic workload and responsibilities,,No.,Other,,Position secured or offered accepted,Yes,,Year long,June,August,,,2026_05_16,,3.0
33,R_6sBcbobCoVcNLfV,REDACTED,Kavli ENSI,"To make my undergraduate experience complete,To engage in more active learning compared to the traditional classroom experience (e.g., reading textbooks with no application),To gain hands-on skills,To explore career interests,To build mentorship connections,To prepare for graduate school",,Good,Fair,Very Good,Good,Very Good,No,,,,"Reaching out directly to a professor,Another program on campus (URAP, SURF, Rose Hills, Haas Scholars)",,"Discovery felt much more grass-roots and had much more choosing-power applied to the grad student. This permits an underserved student like myself to access research via a 1-1 connection, instead of via a resume.","Monumental. I went from having discounted grad school and giving up on research, to being confident in my own abilities and capabilities to perform research",Strongly Agree,Strongly Agree,Agree,Strongly Agree,Strongly Agree,Strongly Agree,Strongly Agree,Strongly Agree,Strongly Agree,Strongly Agree,Strongly Agree,Strongly Agree,Strongly Agree,Agree,Strongly Agree,3-4 hrs/week,"My job responsibilties and work hours,My family responsibilities/commitments,Financial concerns (e.g., related expenses, need for paid work left no time for something that feels 'extra')",,"Yes, in the same group.",,,Strongly considering,"I would be interested, but I am not eligible due to graduating this semester",Some form of funding not attached to being an active undergrad.,Year with possibility of extending into summer,March,June,,,2026_05_16,,2.0
34,R_6gEOrEdqpemlkFr,REDACTED,CICI,To make my undergraduate experience complete,,Excellent,Excellent,Excellent,Excellent,Excellent,No,,,,"Another program on campus (URAP, SURF, Rose Hills, Haas Scholars)",,Application process was straightforward and research was of interest ,Incredible. Mentor was so caring and focused and motivated us to learn more ,Strongly Agree,Strongly Agree,Strongly Agree,Strongly Agree,Strongly Agree,Strongly Agree,Strongly Agree,Strongly Agree,Strongly Agree,Strongly Agree,Strongly Agree,Strongly Agree,Strongly Agree,Strongly Agree,Strongly Agree,1-2 hrs/wk,,,No.,Other,HAAS - SURF,Exploring options,Yes,,Spring with possibility of extending into summer,August,August,,,2026_05_16,2025_10_01,5.0
35,R_6dNcuGK8MRKpOs2,REDACTED,CICI,"To make my undergraduate experience complete,To engage in more active learning compared to the traditional classroom experience (e.g., reading textbooks with no application),To shape knowledge, not just consume it,To gain hands-on skills,To build mentorship connections",,Excellent,Very Good,Excellent,Fair,Good,Yes,Other,,CICI was more interactive and structured,"Another program on campus (URAP, SURF, Rose Hills, Haas Scholars)",,The topic! And mentor,Directly relevant to my academic interest ,Strongly Agree,Agree,Strongly Agree,Strongly Agree,Strongly Agree,Strongly Agree,Strongly Agree,Strongly Agree,Strongly Agree,Strongly Agree,Strongly Agree,Strongly Agree,Strongly Agree,Strongly Agree,Strongly Agree,1-2 hrs/wk,"My academic workload and responsibilities,My job responsibilties and work hours",,No.,Government / nonprofit.,,,"I would be interested, but I am not eligible due to graduating this semester",,Year long,,,,This program was amazing. I had access to resources to explore questions and topics that are not common of accessible in a classroom setting,2026_05_16,2025_10_01,4.0
36,R_5jwyLOdt8DMKz5o,REDACTED,Kavli ENSI,"To make my undergraduate experience complete,To engage in more active learning compared to the traditional classroom experience (e.g., reading textbooks with no application),To shape knowledge, not just consume it,To gain hands-on skills,To explore career interests,To build mentorship connections,To prepare for graduate school",,Excellent,Excellent,Excellent,Excellent,Excellent,Yes,Reached out directly to a professor,,More opportunities for mentorship. ,Reaching out directly to a professor,,My mentor was involved. ,Discovery hubs has been beneficial and a great opportunity to learn. ,Strongly Agree,Strongly Agree,Strongly Agree,Strongly Agree,Strongly Agree,Strongly Agree,Strongly Agree,Strongly Agree,Strongly Agree,Strongly Agree,Strongly Agree,Strongly Agree,Strongly Agree,Strongly Agree,Strongly Agree,1-2 hrs/wk,,,"Yes, in the same group.",,,Position secured or offered accepted,Yes,,Year long,March,April,,,2026_05_16,2025_10_01,2.0
37,R_5N2kbWIjY7ty8wk,REDACTED,CNMAT,"To make my undergraduate experience complete,To engage in more active learning compared to the traditional classroom experience (e.g., reading textbooks with no application)",,Very Good,Excellent,Fair,Poor,Excellent,Yes,Reached out directly to a professor,,I got this chance of final presentation and exercise myself ,Reaching out directly to a professor,,Exercise myself,"Learn new things, exercise my presentation skill",Somewhat Agree,Agree,Agree,Agree,Agree,Agree,Agree,Agree,Agree,Agree,Agree,Agree,Agree,Strongly Agree,Agree,1-2 hrs/wk,My academic workload and responsibilities,,"Yes, in the same group.",,,Actively appREDACTEDg,"I would be interested, but I am not eligible due to graduating this semester",,Semester long,April,May,,,2026_05_16,,
38,R_52IU9LKTX1YOnpm,REDACTED,CICI,"To make my undergraduate experience complete,To engage in more active learning compared to the traditional classroom experience (e.g., reading textbooks with no application),To build mentorship connections",,Excellent,Excellent,Excellent,Fair,Very Good,No,,,,Reaching out directly to a professor,,The topics and freedom to work interdisciplinarily! ,"I’ve gained such a large critical and intellectual vocabulary, and gained confidence in sharing my critical thought with others ",Agree,Somewhat Agree,Agree,Somewhat Disagree,Somewhat Agree,Somewhat Agree,Agree,Agree,Strongly Agree,Somewhat Agree,Agree,Disagree,Strongly Disagree,Agree,Agree,1-2 hrs/wk,"My academic workload and responsibilities,My job responsibilties and work hours,My family responsibilities/commitments",,"Yes, in a different group.",,,Strongly considering,Yes,,Semester long,June,July,,Getting to work on such a specific field for so long was very valuable ,2026_05_16,,
39,R_3hSGUkKzrZdSquB,REDACTED,Kavli ENSI,To make my undergraduate experience complete,,Good,Excellent,Excellent,Excellent,Excellent,No,,,,Reaching out directly to a professor,,It sounded interesting ,It made me more interested in research.,Strongly Agree,Strongly Agree,Strongly Agree,Strongly Agree,Strongly Agree,,Strongly Agree,Strongly Agree,Strongly Agree,Strongly Agree,Strongly Agree,Strongly Agree,Strongly Agree,Strongly Agree,Strongly Agree,More than 5 hrs/week,My academic workload and responsibilities,,"Yes, in the same group.",,,Actively appREDACTEDg,Yes,Yes,Semester long,April,March,,It was great,2026_05_16,2025_10_01,4.0
40,R_3dfH3sNeYVFXxVo,REDACTED,Kavli ENSI,To prepare for graduate school,,Good,Good,Good,Good,Good,No,,,,"Reaching out directly to a professor,Another program on campus (URAP, SURF, Rose Hills, Haas Scholars)",,They accepted me.,This program has solidified both my plans to apply to graduate school and my plan to change majors in graduate school.,Somewhat Agree,Agree,Strongly Agree,Strongly Agree,Strongly Agree,Strongly Agree,Strongly Agree,Strongly Agree,Strongly Agree,Strongly Agree,Agree,Strongly Agree,Strongly Agree,Strongly Agree,Strongly Agree,More than 5 hrs/week,"My academic workload and responsibilities,My job responsibilties and work hours,Financial concerns (e.g., related expenses, need for paid work left no time for something that feels 'extra')",,"Yes, in the same group.",,,Position secured or offered accepted,Yes,My mentor.,Year with possibility of extending into summer,July,August,,,2026_05_16,2025_10_01,4.0
41,R_30PBQBmUI3N1vbQ,REDACTED,Molecular Foundry,"To make my undergraduate experience complete,To engage in more active learning compared to the traditional classroom experience (e.g., reading textbooks with no application),To shape knowledge, not just consume it,To gain hands-on skills,To explore career interests,To build mentorship connections",,Good,Very Good,Good,Very Good,Good,No,,,,"Reaching out directly to a professor,Another program on campus (URAP, SURF, Rose Hills, Haas Scholars)",,First program to accept me,Discovery Hubs helped me get into a formal research environment where I’ve learned how to plan out experiments using the knowledge I’ve gained from classes. ,Disagree,Agree,Agree,Agree,Agree,Agree,Agree,Agree,Agree,Agree,Agree,Agree,Agree,Agree,Agree,1-2 hrs/wk,"My academic workload and responsibilities,My job responsibilties and work hours,My family responsibilities/commitments,Financial concerns (e.g., related expenses, need for paid work left no time for something that feels 'extra')",,"Yes, in the same group.",,,Position secured or offered accepted,Yes,Paid opportunities ,Year with possibility of extending into summer,May,June,,,2026_05_16,2025_10_01,
42,R_1EzOMtsFZ08MfAR,REDACTED,NASA Biosciences,"To make my undergraduate experience complete,To engage in more active learning compared to the traditional classroom experience (e.g., reading textbooks with no application),To gain hands-on skills,To explore career interests,To build mentorship connections",,Good,Good,Good,Good,Good,No,,,,Reaching out directly to a professor,,I didn’t get other research opportunities ,"I learned the structure of research
",Somewhat Agree,Somewhat Agree,Agree,Agree,Strongly Agree,Agree,Agree,Strongly Agree,Strongly Agree,Strongly Agree,Strongly Agree,Strongly Agree,Strongly Agree,Strongly Agree,Strongly Agree,1-2 hrs/wk,"My academic workload and responsibilities,My job responsibilties and work hours",,"Yes, in the same group.",,,Actively appREDACTEDg,Yes,If there was something more aligned with my major,Year long,April,April,,,2026_05_16,2025_10_01,5.0
43,R_7uqIpeafWD5wH61,REDACTED,CICI,To make my undergraduate experience complete,,Excellent,Very Good,Excellent,Very Good,Very Good,No,,,,Other,No,It was my only avenue,I learned what humanities research actually looks like and was able to make informed decisions about my future.,Agree,Disagree,Agree,Strongly Agree,Strongly Agree,Strongly Agree,Strongly Agree,Strongly Agree,Strongly Agree,Strongly Agree,Strongly Agree,Strongly Agree,Strongly Agree,Somewhat Agree,Strongly Agree,3-4 hrs/week,"My academic workload and responsibilities,My job responsibilties and work hours,My family responsibilities/commitments,Transportation to/from research site (cost or time)",,"Yes, in a different group.",,,Exploring options,"I would be interested, but I am not eligible due to graduating this semester",,Year long,,,,"This was the most in depth learning experience I had at Berkeley, and it profoundly changed my understanding of the University. ",2026_05_16,2025_10_01,4.0
44,R_6UTHywwEiJjKQ4F,REDACTED,Molecular Foundry,"To make my undergraduate experience complete,To engage in more active learning compared to the traditional classroom experience (e.g., reading textbooks with no application),To shape knowledge, not just consume it,To gain hands-on skills,To explore career interests,To build mentorship connections,To prepare for graduate school",,Good,Very Good,Good,Very Good,Good,No,,,,"Reaching out directly to a professor,Another program on campus (URAP, SURF, Rose Hills, Haas Scholars)",,The opportunity I was accepted into was the most applicable to my plans and felt like it had the greatest room for growth,It has helped encourage me to want to pursue academia,Somewhat Agree,Agree,Strongly Agree,Strongly Agree,Strongly Agree,Strongly Agree,Strongly Agree,Agree,Strongly Agree,Agree,Strongly Agree,Agree,Somewhat Agree,Somewhat Agree,Somewhat Agree,3-4 hrs/week,"My academic workload and responsibilities,My job responsibilties and work hours",,"Yes, in the same group.",,,Position secured or offered accepted,Yes,,Semester long,July,August,,,2026_05_16,,
45,R_5HpIRFe5mz5jHQb,REDACTED,CICI,"To engage in more active learning compared to the traditional classroom experience (e.g., reading textbooks with no application),To shape knowledge, not just consume it,To gain hands-on skills,To explore career interests,To build mentorship connections,To prepare for graduate school",,Good,Very Good,Excellent,Very Good,Excellent,No,,,,,,,"As an aspiring academic, Discovery Hubs has provided a platform for me to explore my specific interests in Eastern European and Soviet film theories and works. I have changed my major to Film because this program has sparked an interest in the field. ",Strongly Agree,Somewhat Disagree,Somewhat Disagree,Somewhat Agree,Agree,Somewhat Agree,Somewhat Agree,Somewhat Agree,Strongly Agree,Somewhat Agree,Strongly Agree,Agree,Agree,Somewhat Agree,Somewhat Agree,1-2 hrs/wk,"My academic workload and responsibilities,My job responsibilties and work hours,Financial concerns (e.g., related expenses, need for paid work left no time for something that feels 'extra')",,"Yes, in a different group.",,,Generally considering,Yes,If the mentor was more active.,Semester long,August,August,,"I appreciate this program, and I believe it will aid me in my future prospects in academia. ",2026_05_16,,
46,R_3kvuaTZ6OT07zRn,REDACTED,Molecular Foundry,"To engage in more active learning compared to the traditional classroom experience (e.g., reading textbooks with no application),To gain hands-on skills,To explore career interests,To build mentorship connections",,Very Good,Excellent,Excellent,Poor,Very Good,No,,,,"Another program on campus (URAP, SURF, Rose Hills, Haas Scholars)",,Because of their commitment to intellectual development and scientific objectIvity,My new skills and experienced game allows me to move into higher impact positions and a greater career trajectory,Somewhat Agree,Somewhat Agree,Agree,Somewhat Agree,Agree,Agree,Somewhat Agree,Somewhat Disagree,Somewhat Agree,Disagree,Somewhat Agree,Somewhat Agree,Somewhat Disagree,Somewhat Disagree,Somewhat Agree,More than 5 hrs/week,"My academic workload and responsibilities,Financial concerns (e.g., related expenses, need for paid work left no time for something that feels 'extra'),Transportation to/from research site (cost or time)",,"Yes, in the same group.",,,Strongly considering,Yes,School credits,Year long,,June,,,2026_05_16,,
47,R_3jcF3Ng3IxFrzk2,REDACTED,Social Sciences,"To engage in more active learning compared to the traditional classroom experience (e.g., reading textbooks with no application),To explore career interests,To build mentorship connections,To prepare for graduate school",,Good,Very Good,Very Good,Good,Very Good,No,,,,"Reaching out directly to a professor,Another program on campus (URAP, SURF, Rose Hills, Haas Scholars)",,It was a program I hadn't heard of before and I liked their approach of having more structure; research apprentices became very integrated into their respective projects and it never felt like we were just completing busy work. ,"Participating in the Discovery Hubs made me more interested in potentially pursuing a pHD and continuing to research topics I'm passionate about. Additionally, it was truly a great experience to work in such a small group of other passionate students and the project strengthened my analysis/critical thinking skills overall. ",Somewhat Agree,Agree,Agree,Strongly Agree,Strongly Agree,Strongly Agree,Agree,Strongly Agree,Strongly Agree,Strongly Agree,Strongly Agree,Agree,Agree,Agree,Strongly Agree,1-2 hrs/wk,,,"Yes, in a different group.",,,Strongly considering,Yes,,Year long,June,August,,"Over my last 2 years at Berkeley, I've struggled to find people to intellectually engage with. Many of my classes are lecture-heavy and there are few opportunities to work thoughtfully in small groups. My experience in the Discovery Research Hub was the first time I've felt like my intellectual contributions were truly valued by other people and the structure of the program was incredibly conducive to my learning. ",2026_05_16,,4.0
48,R_3QFcojTQbHkKEXG,REDACTED,Kavli ENSI,"To make my undergraduate experience complete,To engage in more active learning compared to the traditional classroom experience (e.g., reading textbooks with no application),To shape knowledge, not just consume it,To gain hands-on skills,To explore career interests,To build mentorship connections,To prepare for graduate school",,Good,Very Good,Very Good,Good,Very Good,Yes,"Participated in the Discovery Hubs in a previous academic term,Reached out directly to a professor,Friend or acquaintance connected me to a research group",,,"Reaching out directly to a professor,Another program on campus (URAP, SURF, Rose Hills, Haas Scholars)",,,,Agree,Somewhat Agree,Agree,Agree,Strongly Agree,Agree,Agree,Agree,Strongly Agree,Agree,Agree,Strongly Agree,Agree,Agree,Agree,1-2 hrs/wk,"My academic workload and responsibilities,Financial concerns (e.g., related expenses, need for paid work left no time for something that feels 'extra')",,"Yes, in a different group.",,,Actively appREDACTEDg,Yes,Funding would be greatly appreciated,Year with possibility of extending into summer,May,June,,,2026_05_16,,4.0
49,R_1pYU6sXQm3ffw82,REDACTED,Kavli ENSI,"To make my undergraduate experience complete,To engage in more active learning compared to the traditional classroom experience (e.g., reading textbooks with no application),To gain hands-on skills,To explore career interests",,Good,Very Good,Very Good,Fair,Good,Yes,Other,,,"Another program on campus (URAP, SURF, Rose Hills, Haas Scholars)",,,I was able to explore the physics-adjacent side of materials science in more depth.,Agree,Somewhat Agree,Agree,Agree,Agree,Agree,Agree,Agree,Agree,Agree,Agree,Agree,Agree,Agree,Agree,"More than zero, but less than one hour per week",My academic workload and responsibilities,,,,,Exploring options,Yes,,Year long,July,August,,Discovery Hubs provided me with the opportunity to do materials physics research at a national lab starting in my very first year at Berkeley - I learned a lot both in terms of the topics I was studying as well as my future career interests regarding going into industry vs. academia. I'm very grateful for the opportunity!,2026_05_16,2025_10_01,3.0
50,R_10lag69duPVY7jJ,REDACTED,NASA Biosciences,"To engage in more active learning compared to the traditional classroom experience (e.g., reading textbooks with no application),To shape knowledge, not just consume it,To gain hands-on skills",,Very Good,Very Good,Very Good,Very Good,Good,No,,,,Reaching out directly to a professor,,Best program for me.,"Lots of work, lots of skills gained.",Agree,Agree,Agree,Agree,Agree,Agree,Agree,Agree,Agree,Agree,Agree,Agree,Agree,Agree,Agree,3-4 hrs/week,"My academic workload and responsibilities,My family responsibilities/commitments,Financial concerns (e.g., related expenses, need for paid work left no time for something that feels 'extra')",,"Yes, in the same group.",,,Actively appREDACTEDg,Yes,,Year long,May,July,,,2026_05_16,2025_10_01,5.0
51,R_8Qxjb6jgz5CQVs2,REDACTED,CNMAT,To make my undergraduate experience complete,,Excellent,Excellent,Excellent,Excellent,Excellent,Yes,Seminar or conference,,,Reaching out directly to a professor,,,,Strongly Agree,Strongly Agree,Strongly Agree,Strongly Agree,Strongly Agree,Strongly Agree,Strongly Agree,Strongly Agree,Strongly Agree,Strongly Agree,Strongly Agree,Strongly Agree,Strongly Agree,Strongly Agree,Strongly Agree,1-2 hrs/wk,My academic workload and responsibilities,,"Yes, in the same group.",,,Strongly considering,Yes,,Semester long,March,March,,,2026_05_16,,
52,R_7byxfsAeCl0bxHr,REDACTED,Social Sciences,To gain hands-on skills,,Excellent,Very Good,Excellent,Good,Excellent,Yes,Participated in the Discovery Hubs in a previous academic term,,,,,,,Agree,Agree,Agree,Somewhat Agree,Agree,Agree,Agree,Agree,Agree,Agree,Somewhat Agree,Strongly Agree,Strongly Agree,Agree,Agree,"More than zero, but less than one hour per week","Financial concerns (e.g., related expenses, need for paid work left no time for something that feels 'extra')",,No.,"Non-academic/industry research.,Artistic / creative endeavors.,Teaching / education.",,Actively appREDACTEDg,Yes,,Semester long,July,August,,,2026_05_16,,4.0
53,R_7VMAlfwWAAuwx2N,REDACTED,Molecular Foundry,"To engage in more active learning compared to the traditional classroom experience (e.g., reading textbooks with no application),To shape knowledge, not just consume it,To gain hands-on skills,To build mentorship connections",,Excellent,Excellent,Excellent,Fair,Excellent,Yes,Reached out directly to a professor,,,"Reaching out directly to a professor,Another program on campus (URAP, SURF, Rose Hills, Haas Scholars)",,,,Strongly Agree,Somewhat Agree,Strongly Agree,Strongly Agree,Strongly Agree,Strongly Agree,Strongly Agree,Strongly Agree,Strongly Agree,Strongly Agree,Strongly Agree,Strongly Agree,Strongly Agree,Strongly Agree,Strongly Agree,1-2 hrs/wk,"My academic workload and responsibilities,Transportation to/from research site (cost or time)",,"Yes, in the same group.",,,Position secured or offered accepted,Yes,,Year with possibility of extending into summer,June,May,,,2026_05_16,,
54,R_6B8qw0z58XBMQMu,REDACTED,Social Sciences,"To make my undergraduate experience complete,To shape knowledge, not just consume it",,Good,Good,Fair,Fair,Fair,No,,,,"Another program on campus (URAP, SURF, Rose Hills, Haas Scholars)",,,,Somewhat Agree,Somewhat Disagree,Agree,Agree,Agree,Agree,Agree,Agree,Agree,Agree,Agree,Agree,Agree,Agree,Agree,1-2 hrs/wk,My academic workload and responsibilities,,No.,Business / consulting.,,Exploring options,Yes,,Semester long,June,July,,,2026_05_16,,2.0
55,R_5R3sQNiUKrBflWC,REDACTED,CICI,To make my undergraduate experience complete,,Excellent,Excellent,Excellent,Excellent,Excellent,No,,,,Reaching out directly to a professor,,Really loved the topic! ,,Strongly Agree,Strongly Agree,Strongly Agree,Strongly Agree,Strongly Agree,Agree,Strongly Agree,Agree,Strongly Agree,Strongly Agree,Strongly Agree,Strongly Agree,,Agree,Strongly Agree,1-2 hrs/wk,"My academic workload and responsibilities,Financial concerns (e.g., related expenses, need for paid work left no time for something that feels 'extra')",,No.,"Professional practice.,Teaching / education.,Government / nonprofit.",,Position secured or offered accepted,Yes,,Year long,August,August,,,2026_05_16,,4.0
56,R_3exjwcLwlWN3Y9C,REDACTED,Molecular Foundry,"To make my undergraduate experience complete,To engage in more active learning compared to the traditional classroom experience (e.g., reading textbooks with no application),To shape knowledge, not just consume it",,Excellent,Excellent,Excellent,Excellent,Excellent,Yes,Participated in the Discovery Hubs in a previous academic term,,,Reaching out directly to a professor,,,,Strongly Agree,Strongly Agree,Strongly Agree,Strongly Agree,Strongly Agree,Strongly Agree,Strongly Agree,Strongly Agree,Strongly Agree,Strongly Agree,Strongly Agree,Strongly Agree,Strongly Agree,Strongly Agree,Strongly Agree,1-2 hrs/wk,My academic workload and responsibilities,,"Yes, in the same group.",,,Position secured or offered accepted,Yes,,Semester long,March,March,,,2026_05_16,2025_10_01,
57,R_1dFAO0vwkUOwn5m,REDACTED,CICI,"To engage in more active learning compared to the traditional classroom experience (e.g., reading textbooks with no application),To shape knowledge, not just consume it,To gain hands-on skills,To explore career interests,To build mentorship connections,To prepare for graduate school",,Very Good,Very Good,Very Good,Fair,Good,Yes,"Another program on campus (URAP, SURF, Rose Hills, Haas Scholars, UCDC)",,,"Another program on campus (URAP, SURF, Rose Hills, Haas Scholars)",,,,Agree,Somewhat Agree,Agree,Agree,Strongly Agree,Strongly Agree,Strongly Agree,Strongly Agree,Strongly Agree,Strongly Agree,Strongly Agree,Strongly Agree,Strongly Agree,Strongly Agree,Strongly Agree,1-2 hrs/wk,My academic workload and responsibilities,,"Yes, in the same group.",,,Strongly considering,Yes,,Year with possibility of extending into summer,July,August,,,2026_05_16,,
58,R_7wKzU5s3diTLB5z,REDACTED,CICI,"To make my undergraduate experience complete,To build mentorship connections,To prepare for graduate school",,Very Good,Very Good,Very Good,Very Good,Very Good,No,,,,"Another program on campus (URAP, SURF, Rose Hills, Haas Scholars)",,,,Agree,Agree,Agree,Agree,Agree,Agree,Agree,Agree,Agree,Agree,Agree,Agree,Agree,Agree,Agree,1-2 hrs/wk,"My academic workload and responsibilities,My job responsibilties and work hours",,"Yes, in the same group.",,,Actively appREDACTEDg,Yes,,Semester long,May,July,,,2026_05_16,,4.0
59,R_7iL5DvlRaTM43Hr,REDACTED,CNMAT,"To shape knowledge, not just consume it,To explore career interests",,Very Good,Good,Very Good,Very Good,Good,Yes,"Reached out directly to a professor,Seminar or conference,Another program on campus (URAP, SURF, Rose Hills, Haas Scholars, UCDC)",,,"Reaching out directly to a professor,Another program on campus (URAP, SURF, Rose Hills, Haas Scholars),Other",,,,Agree,Strongly Agree,Somewhat Disagree,Somewhat Disagree,Somewhat Disagree,Somewhat Disagree,Somewhat Agree,Agree,Agree,Agree,Strongly Agree,Agree,Strongly Agree,Agree,Agree,"More than zero, but less than one hour per week","My academic workload and responsibilities,My job responsibilties and work hours,My family responsibilities/commitments,Financial concerns (e.g., related expenses, need for paid work left no time for something that feels 'extra')",,"Yes, in a different group.",,,Position secured or offered accepted,"I would be interested, but I am not eligible due to graduating this semester",,Year with possibility of extending into summer,June,August,,,2026_05_16,,
60,R_7LeL9r8XaKCEvYJ,REDACTED,UCSF Anesthesia and Perioperative Care,"To make my undergraduate experience complete,To explore career interests,To build mentorship connections,To prepare for graduate school",,Fair,Good,Very Good,Poor,Very Good,Yes,Other,High school research,The mentorship in Discovery Hubs is phenomenal,"Reaching out directly to a professor,Another program on campus (URAP, SURF, Rose Hills, Haas Scholars)",,Because of the built in structure,,Agree,Strongly Agree,Strongly Agree,Strongly Agree,Strongly Agree,Strongly Agree,Strongly Agree,Strongly Agree,Strongly Agree,Strongly Agree,Strongly Agree,Strongly Agree,Strongly Agree,Strongly Agree,Strongly Agree,1-2 hrs/wk,My academic workload and responsibilities,,"Yes, in the same group.",,,Position secured or offered accepted,,,,,,,,2026_05_16,,
61,R_6ZVQVfVnYkVmw05,REDACTED,CICI,"To engage in more active learning compared to the traditional classroom experience (e.g., reading textbooks with no application),To shape knowledge, not just consume it,To build mentorship connections,To prepare for graduate school",,Excellent,Excellent,Excellent,Very Good,Good,Yes,"Another program on campus (URAP, SURF, Rose Hills, Haas Scholars, UCDC)",,,"Another program on campus (URAP, SURF, Rose Hills, Haas Scholars)",,,,Agree,Agree,Strongly Agree,Strongly Agree,Strongly Agree,Strongly Agree,Strongly Agree,Strongly Agree,Strongly Agree,Strongly Agree,Strongly Agree,Strongly Agree,Strongly Agree,Strongly Agree,Strongly Agree,1-2 hrs/wk,,,No.,None of the above.,,,Yes,,Year long,July,August,,,2026_05_16,,4.0
62,R_5FQH8ljaCPAo05j,REDACTED,CNMAT,To make my undergraduate experience complete,,Excellent,Excellent,Excellent,Excellent,Excellent,No,,,,Reaching out directly to a professor,,,,Strongly Agree,Strongly Agree,Strongly Agree,Strongly Agree,Strongly Agree,Strongly Agree,Strongly Agree,Strongly Agree,Strongly Agree,Strongly Agree,Strongly Agree,Strongly Agree,Strongly Agree,Strongly Agree,Strongly Agree,More than 5 hrs/week,My academic workload and responsibilities,,"Yes, in the same group.",,,Strongly considering,Yes,,Year long,August,August,,,2026_05_16,,
63,R_5DS7zxcEx9G3Bcf,REDACTED,Kavli ENSI,To explore career interests,,Good,Good,Fair,Good,Good,Yes,Reached out directly to a professor,,,,,,,Somewhat Agree,Agree,Agree,Agree,Somewhat Agree,Agree,Agree,Agree,Somewhat Disagree,Agree,Agree,Agree,Agree,Agree,Agree,More than 5 hrs/week,My academic workload and responsibilities,,"Yes, in the same group.",,,Position secured or offered accepted,Yes,,Year with possibility of extending into summer,July,August,,,2026_05_16,,4.0
64,R_5Bd2t5U8N5LN9Tj,REDACTED,NASA Biosciences,"To make my undergraduate experience complete,To gain hands-on skills,To explore career interests",,Good,Excellent,Fair,Good,Very Good,No,,,,"Another program on campus (URAP, SURF, Rose Hills, Haas Scholars)",,,,Somewhat Agree,Strongly Agree,Somewhat Agree,Agree,Somewhat Agree,Strongly Agree,Strongly Agree,Strongly Agree,Strongly Agree,Strongly Agree,Strongly Agree,Agree,Agree,Agree,Agree,3-4 hrs/week,"Financial concerns (e.g., related expenses, need for paid work left no time for something that feels 'extra')",,"Yes, in the same group.",,,Strongly considering,Yes,,Year with possibility of extending into summer,March,March,,,2026_05_16,,4.0
65,R_1HkO8kzYRW4ihYl,REDACTED,Kavli ENSI,To prepare for graduate school,,Excellent,Excellent,Excellent,Excellent,Very Good,No,,,,Reaching out directly to a professor,,,,Agree,Agree,Strongly Agree,Strongly Agree,Strongly Agree,Strongly Agree,Strongly Agree,Strongly Agree,Strongly Agree,Strongly Agree,Strongly Agree,Strongly Agree,Strongly Agree,Strongly Agree,Strongly Agree,More than 5 hrs/week,"My job responsibilties and work hours,Financial concerns (e.g., related expenses, need for paid work left no time for something that feels 'extra')",,"Yes, in the same group.",,,Position secured or offered accepted,Yes,,Year with possibility of extending into summer,August,August,,,2026_05_16,2025_10_01,4.0
66,R_14N51yjAQK1kTiy,REDACTED,CNMAT,To explore career interests,,Good,Good,Fair,Good,Good,No,,,,"Reaching out directly to a professor,Another program on campus (URAP, SURF, Rose Hills, Haas Scholars)",,,,Agree,Agree,Agree,Agree,Agree,Agree,Agree,Agree,Strongly Agree,Agree,Strongly Agree,Agree,Somewhat Agree,Somewhat Agree,Somewhat Agree,More than 5 hrs/week,"My academic workload and responsibilities,Transportation to/from research site (cost or time)",,"Yes, in the same group.",,,Exploring options,Yes,,Year long,June,July,,,2026_05_16,,
67,R_11Gsu6MsoAChyiV,REDACTED,Kavli ENSI,To make my undergraduate experience complete,,Excellent,Excellent,Excellent,Excellent,Excellent,No,,,,Reaching out directly to a professor,,,,Strongly Agree,Strongly Agree,Strongly Agree,Strongly Agree,Strongly Agree,Strongly Agree,Strongly Agree,Strongly Agree,Strongly Agree,Strongly Agree,Strongly Agree,Strongly Agree,Strongly Agree,Strongly Agree,Strongly Agree,3-4 hrs/week,My academic workload and responsibilities,,"Yes, in the same group.",,,Position secured or offered accepted,Yes,,Semester long,March,March,,,2026_05_16,,4.0
68,R_7ekJrgDE4XfyeRW,REDACTED,Kavli ENSI,"To make my undergraduate experience complete,To engage in more active learning compared to the traditional classroom experience (e.g., reading textbooks with no application),To shape knowledge, not just consume it,To gain hands-on skills,To explore career interests",,Very Good,Very Good,Good,Fair,Very Good,No,,,,Reaching out directly to a professor,,,,Agree,,Agree,Somewhat Agree,Strongly Agree,Agree,Agree,Somewhat Agree,Agree,Agree,Agree,Agree,Agree,Agree,Agree,1-2 hrs/wk,"My academic workload and responsibilities,My job responsibilties and work hours",,"Yes, in the same group.",,,Strongly considering,Yes,,Year long,May,August,,,2026_05_16,2025_10_01,2.0
69,R_3clxJPdODZ3cjm1,REDACTED,CICI,"To engage in more active learning compared to the traditional classroom experience (e.g., reading textbooks with no application),To gain hands-on skills,To explore career interests,To build mentorship connections",,Excellent,Excellent,Excellent,Excellent,Excellent,Yes,"Participated in the Discovery Hubs in a previous academic term,Seminar or conference,Other",,Collaborative research ,,,,"Helped form mentor connections, navigate an archive.",Somewhat Agree,Somewhat Disagree,Strongly Agree,Strongly Agree,Strongly Agree,Strongly Agree,Strongly Agree,Strongly Agree,Strongly Agree,Strongly Agree,Strongly Agree,Strongly Agree,Strongly Agree,Strongly Agree,Strongly Agree,1-2 hrs/wk,,,No.,None of the above.,,,"I would be interested, but I am not eligible due to graduating this semester",,Year long,,,,,2026_05_16,2025_10_01,4.0
70,R_1lzQKu7IygoNNMK,REDACTED,CICI,"To explore career interests,To prepare for graduate school",,Excellent,Excellent,Excellent,Excellent,Excellent,Yes,"Another program on campus (URAP, SURF, Rose Hills, Haas Scholars, UCDC)",,,"Another program on campus (URAP, SURF, Rose Hills, Haas Scholars)",,,,Agree,Somewhat Agree,Strongly Agree,Strongly Agree,Strongly Agree,Strongly Agree,Strongly Agree,Strongly Agree,Strongly Agree,Strongly Agree,Strongly Agree,Strongly Agree,Strongly Agree,Strongly Agree,Strongly Agree,1-2 hrs/wk,,,"Yes, in a different group.",,,Position secured or offered accepted,"I would be interested, but I am not eligible due to graduating this semester",,Year long,,,,"This exposed me to so much that I did not know about, and could explore.",2026_05_16,2025_10_01,5.0
71,R_7OuDjbQ4RTptV91,REDACTED,CICI,To prepare for graduate school,,Very Good,Excellent,Excellent,Very Good,Excellent,Yes,"Another program on campus (URAP, SURF, Rose Hills, Haas Scholars, UCDC)",,,,,,,Agree,Agree,Agree,Agree,Strongly Agree,Strongly Agree,Strongly Agree,Strongly Agree,Strongly Agree,Strongly Agree,Strongly Agree,Strongly Agree,Strongly Agree,Strongly Agree,Strongly Agree,1-2 hrs/wk,My academic workload and responsibilities,,No.,"Non-academic/industry research.,Teaching / education.",,Actively appREDACTEDg,"I would be interested, but I am not eligible due to graduating this semester",,,,,,,2026_05_16,2025_10_01,4.0
72,R_6j8IvOyePeKmNlF,REDACTED,CNMAT,To prepare for graduate school,,Excellent,Excellent,Excellent,Excellent,Excellent,No,,,,"Reaching out directly to a professor,Another program on campus (URAP, SURF, Rose Hills, Haas Scholars)",,,,Strongly Agree,Strongly Agree,Strongly Agree,Strongly Agree,Strongly Agree,Strongly Agree,Strongly Agree,Strongly Agree,Strongly Agree,Strongly Agree,Strongly Agree,Strongly Agree,Strongly Agree,Strongly Agree,Strongly Agree,1-2 hrs/wk,My academic workload and responsibilities,,"Yes, in a different group.",,,Actively appREDACTEDg,Yes,,,March,,,,2026_05_16,,
73,R_1gZOUnFD6I3NQiZ,REDACTED,Kavli ENSI,"To make my undergraduate experience complete,To gain hands-on skills,To build mentorship connections",,Very Good,Good,Good,Fair,Fair,No,,,,"Reaching out directly to a professor,Another program on campus (URAP, SURF, Rose Hills, Haas Scholars)",,,,Agree,Somewhat Agree,Somewhat Agree,Somewhat Agree,Somewhat Agree,Agree,Somewhat Agree,Agree,Agree,Agree,Agree,Somewhat Agree,Somewhat Agree,Somewhat Disagree,Somewhat Agree,1-2 hrs/wk,My academic workload and responsibilities,,"Yes, in the same group.",,,Position secured or offered accepted,Yes,,Year long,,,,,2026_05_16,2025_10_01,2.0
74,R_1RU06jfsDfKUhUd,REDACTED,KALX,To gain hands-on skills,,Good,Good,Good,Very Good,,Yes,"Another program on campus (URAP, SURF, Rose Hills, Haas Scholars, UCDC)",,,,,,,Agree,Agree,Somewhat Disagree,Somewhat Disagree,Agree,Somewhat Agree,Somewhat Agree,Agree,Agree,Somewhat Agree,Somewhat Agree,Agree,Somewhat Agree,Somewhat Agree,Agree,1-2 hrs/wk,"My academic workload and responsibilities,My job responsibilties and work hours",,,,,,Yes,If I knew what the Discovery Hubs were/how they relate to the internship I just completed.,Semester long,April,July,,,2026_05_16,,
75,R_7dSiw4U4KbHApJx,REDACTED,CICI,To make my undergraduate experience complete,,Good,Good,Good,Very Good,Fair,Yes,Other,,,"Another program on campus (URAP, SURF, Rose Hills, Haas Scholars)",,,,Agree,Agree,Strongly Agree,Strongly Agree,Strongly Agree,Agree,Agree,Somewhat Agree,Somewhat Agree,Strongly Agree,Strongly Agree,Agree,Strongly Agree,Agree,Strongly Agree,3-4 hrs/week,"My academic workload and responsibilities,My job responsibilties and work hours",,No.,,,,,,,June,,,,2026_05_16,2025_10_01,4.0
76,R_1faciMJZreUETNs,REDACTED,KALX,,,Fair,Fair,Fair,Fair,Fair,No,,,,"Another program on campus (URAP, SURF, Rose Hills, Haas Scholars)",,,,Somewhat Agree,Somewhat Agree,,,Strongly Agree,Somewhat Disagree,Strongly Agree,Strongly Agree,Strongly Agree,Somewhat Agree,,,,,,,,,No.,"Non-academic/industry research.,Artistic / creative endeavors.,Professional practice.",,Exploring options,Yes,,Semester long,August,August,,,2026_05_16,,
77,R_6HZhAua5H3ktkq5,REDACTED,CICI,"To make my undergraduate experience complete,To engage in more active learning compared to the traditional classroom experience (e.g., reading textbooks with no application),To shape knowledge, not just consume it,To gain hands-on skills,To explore career interests,To build mentorship connections",,Excellent,Excellent,Excellent,Excellent,Excellent,No,,,,"Reaching out directly to a professor,Another program on campus (URAP, SURF, Rose Hills, Haas Scholars)",,FARMWORKER ADVOCAXY ,New skills,Agree,Strongly Agree,Strongly Agree,Strongly Agree,Strongly Agree,Strongly Agree,Strongly Agree,Strongly Agree,Strongly Agree,Strongly Agree,,,,,,,,,,,,,,,,,,,,2026_05_16,2025_10_01,8.0
78,R_5fkefj4jKFa5hcr,REDACTED,Kavli ENSI,To make my undergraduate experience complete,,Good,,Poor,,Good,Yes,Participated in the Discovery Hubs in a previous academic term,,,"Another program on campus (URAP, SURF, Rose Hills, Haas Scholars)",,,,Agree,Agree,Agree,,Somewhat Agree,,,,,,Agree,,,,,More than 5 hrs/week,My family responsibilities/commitments,,"Yes, in a different group.",,,Actively appREDACTEDg,Yes,,,July,,,,2026_05_16,,3.0
79,R_63l1CaV2pPbXDeF,REDACTED,Kavli ENSI,To make my undergraduate experience complete,,Excellent,Excellent,Excellent,Excellent,Excellent,Yes,"Reached out directly to a professor,Seminar or conference",,,Reaching out directly to a professor,,,,Strongly Agree,Strongly Agree,,,,,,,,,,,,,,,,,,,,,,,,,,,,2026_05_16,,2.0
80,R_1Hk8zA2Vb6j6jHT,REDACTED,Molecular Foundry,"To explore career interests,To build mentorship connections,To prepare for graduate school",,Good,Fair,Fair,Very Good,Good,Yes,"Another program on campus (URAP, SURF, Rose Hills, Haas Scholars, UCDC)",,,,,,,,,,,,,,,,,,,,,,,,,,,,,,,,,,,,2026_05_16,2025_10_01,
81,R_5pEB4ARSsis2gEu,REDACTED,CICI,,,,,,,,,,,,,,,,,,,,,,,,,,,,,,,,,,,,,,,,,,,,,2026_05_16,2025_10_01,6.0
82,R_3P4GDMn7yotkZlq,REDACTED,KALX,,,,,,,,,,,,,,,,,,,,,,,,,,,,,,,,,,,,,,,,,,,,,2026_05_16,,
83,R_1hnpa4pnFQC0xan,REDACTED,Molecular Foundry,,,,,,,,,,,,,,,,,,,,,,,,,,,,,,,,,,,,,,,,,,,,,2026_05_16,,
84,R_12NDkp7ZJp4w3vz,REDACTED,CICI,,,,,,,,,,,,,,,,,,,,,,,,,,,,,,,,,,,,,,,,,,,,,2026_05_16,2025_10_01,8.0
