ExternalReference,HUB_01
REDACTED,Kavli ENSI
REDACTED,CICI
REDACTED,Kavli ENSI
REDACTED,Kavli ENSI
REDACTED,Kavli ENSI
REDACTED,Kavli ENSI
REDACTED,None
REDACTED,CICI
REDACTED,CICI
REDACTED,Molecular Foundry
REDACTED,CICI
REDACTED,CICI
REDACTED,CICI
REDACTED,Kavli ENSI
REDACTED,CICI
REDACTED,NASA Biosciences
REDACTED,CICI
REDACTED,CICI
REDACTED,CICI
REDACTED,CICI
REDACTED,CICI
REDACTED,CICI
REDACTED,CICI
REDACTED,CICI
REDACTED,Molecular Foundry
REDACTED,CNMAT
REDACTED,CNMAT
REDACTED,CNMAT
REDACTED,CNMAT
REDACTED,Molecular Foundry
REDACTED,CICI
REDACTED,Molecular Foundry
REDACTED,CNMAT
REDACTED,UCSF Anesthesia and Perioperative Care
REDACTED,Kavli ENSI
REDACTED,CNMAT
REDACTED,CNMAT
REDACTED,CNMAT
REDACTED,KALX
REDACTED,Molecular Foundry
REDACTED,CNMAT
REDACTED,CNMAT
REDACTED,Molecular Foundry
REDACTED,KALX
REDACTED,CNMAT
REDACTED,CNMAT
REDACTED,CICI
REDACTED,CNMAT
REDACTED,UCSF Anesthesia and Perioperative Care
REDACTED,Kavli ENSI
REDACTED,CNMAT
REDACTED,CNMAT
REDACTED,CNMAT
REDACTED,CNMAT
REDACTED,Molecular Foundry
REDACTED,CNMAT
REDACTED,CICI
REDACTED,Molecular Foundry
REDACTED,Kavli ENSI
REDACTED,NASA Biosciences
REDACTED,Molecular Foundry
REDACTED,Kavli ENSI
REDACTED,CNMAT
REDACTED,Molecular Foundry
REDACTED,CICI
REDACTED,CICI
REDACTED,NASA Biosciences
REDACTED,CICI
REDACTED,Molecular Foundry
REDACTED,CICI
REDACTED,CICI
REDACTED,CICI
REDACTED,Kavli ENSI
REDACTED,CICI
REDACTED,UCSF Anesthesia and Perioperative Care
REDACTED,CICI
REDACTED,Social Sciences
REDACTED,CICI
REDACTED,Kavli ENSI
REDACTED,UCSF Anesthesia and Perioperative Care
REDACTED,CNMAT
REDACTED,CNMAT
REDACTED,CNMAT
REDACTED,Molecular Foundry
REDACTED,Social Sciences
REDACTED,CICI
REDACTED,Molecular Foundry
REDACTED,CICI
REDACTED,KALX
REDACTED,CICI
REDACTED,Kavli ENSI
REDACTED,NASA Biosciences
REDACTED,CICI
REDACTED,CICI
REDACTED,Kavli ENSI
REDACTED,CICI
REDACTED,CICI
REDACTED,Kavli ENSI
REDACTED,CICI
REDACTED,Kavli ENSI
REDACTED,UCSF Anesthesia and Perioperative Care
REDACTED,CICI
REDACTED,Molecular Foundry
REDACTED,CICI
REDACTED,CICI
REDACTED,CICI
REDACTED,Kavli ENSI
REDACTED,CICI
REDACTED,UCSF Anesthesia and Perioperative Care
REDACTED,Kavli ENSI
REDACTED,Kavli ENSI
REDACTED,Kavli ENSI
REDACTED,Kavli ENSI
REDACTED,CICI
REDACTED,Molecular Foundry
REDACTED,Kavli ENSI
REDACTED,KALX
REDACTED,CICI
REDACTED,Kavli ENSI
REDACTED,Social Sciences
REDACTED,Molecular Foundry
REDACTED,Social Sciences
REDACTED,Social Sciences
REDACTED,Molecular Foundry
REDACTED,NASA Biosciences
REDACTED,Molecular Foundry
REDACTED,Social Sciences
REDACTED,KALX
REDACTED,CICI
REDACTED,Molecular Foundry
REDACTED,Molecular Foundry
REDACTED,Social Sciences
REDACTED,Social Sciences
REDACTED,Social Sciences
REDACTED,KALX
REDACTED,Molecular Foundry
REDACTED,NASA Biosciences
REDACTED,Kavli ENSI
REDACTED,Kavli ENSI
REDACTED,Social Sciences
REDACTED,NASA Biosciences
REDACTED,Molecular Foundry
REDACTED,CICI
REDACTED,CICI
REDACTED,Molecular Foundry
REDACTED,CICI
REDACTED,CICI
REDACTED,UCSF Anesthesia and Perioperative Care
REDACTED,Kavli ENSI
REDACTED,Molecular Foundry
REDACTED,Kavli ENSI
REDACTED,CICI
REDACTED,Molecular Foundry
REDACTED,Kavli ENSI
REDACTED,Molecular Foundry
REDACTED,Molecular Foundry
REDACTED,CICI
REDACTED,CICI
REDACTED,CICI
REDACTED,CICI
REDACTED,Kavli ENSI
REDACTED,CICI
REDACTED,CICI
REDACTED,CICI
REDACTED,Molecular Foundry
REDACTED,CICI
REDACTED,CNMAT
REDACTED,NASA Biosciences
REDACTED,NASA Biosciences
REDACTED,UCSF Anesthesia and Perioperative Care
REDACTED,Kavli ENSI
REDACTED,Social Sciences
REDACTED,Social Sciences
REDACTED,Molecular Foundry
REDACTED,Social Sciences
REDACTED,Social Sciences
REDACTED,CICI
REDACTED,CICI
REDACTED,Kavli ENSI
REDACTED,CICI
REDACTED,CICI