,HUB_01,MOTIVATION_01,MOTIVATION_01_8_TEXT,PROFICIENCY_05,PRIOR_01,PRIOR_05,PRIOR_06,PRIOR_06_3_TEXT,PRIOR_07,BELONG_02,MENTOR_06_1,MENTOR_06_2,MENTOR_06_3,MENTOR_06_4,MENTOR_06_5,MENTOR_06_6,MENTOR_07_1,MENTOR_07_2,MENTOR_07_3,MENTOR_07_4,MENTOR_07_5,MENTOR_08,PLANS_01,PLANS_02,PLANS_02_9_TEXT,PLANS_03,INTEREST_01,INTEREST_02,INTEREST_03,INTEREST_04,INTEREST_05,INTEREST_06,TESTIMONIAL,END,TIME_IN_PROGRAM,START,CLUSTER_SIZE
0,Which Discovery Hub are you participating in this term?,"Why do you choose to pursue research? Please select all that apply. -
Selected Choice","Why do you choose to pursue research? Please select all that apply. -
Other - Text",Engaging in research not specific to your major(s).,"Prior to the Discovery Hubs, did you have any previous formal research experience?","What are the main differences between your prior research experiences
and your experiences in the Discovery Hubs?","Before deciding to pursue research through the Discovery Hubs, did you
consider any of the following other avenues for research involvement?
Please select all that apply. - Selected Choice","Before deciding to pursue research through the Discovery Hubs, did you
consider any of the following other avenues for research involvement?
Please select all that apply. - Other - Text","Why did you ultimately choose the Discovery Hubs over other avenues
for research involvement?",I identify as a researcher outside of my major(s).,My mentor is generally available to meet or talk when I need them.,My mentor is an active listener.,My mentor takes a sincere interest in my career.,My mentor acknowledges my contributions.,My mentor is supportive of work-life balance.,My mentor motivates me to improve my work.,My mentor demonstrates professional expertise.,"My mentor is helpful in providing direction and guidance on
professional issues.",My mentor helps me to formulate clear goals.,My mentor facilitates building my professional network.,My mentor provides thoughtful advice on my scholarly work.,"How much time, on average, did you spend speaking with (each of) your mentor(s) per week?","Do you plan to continue the same type of work that you are doing in
the Discovery Hubs?","If you do not plan to participate in similar work to your Discovery
Hub group, do you have plans to participate in any of the following? -
Selected Choice","If you do not plan to participate in similar work to your Discovery
Hub group, do you have plans to participate in any of the following? -
Other - Text","How certain are you about your plans for the future from the previous
question?","Would you be interested in participating in future opportunities with
the Discovery Hubs?","What would make you more likely to participate in future opportunities
with the Discovery Hubs?",What is your preferred length of project?,"Assuming the Discovery Hubs starts in the Fall term, what is the
latest month you would ideally want to be notified of the application
for the opportunity?","Assuming the Discovery Hubs starts in the Fall term, what is the
latest month you would ideally want to receive a final acceptance
offer for the position?","Please let us know any other information that might be relevant about
your interest in participating in future opportunities with the
Discovery Hubs.","Please tell us something that was special about this program, or
personal/academic/professional growth that you experienced as a result
of your participation in the Discovery Research Hub. Please take a
moment to note your thoughts, which are vital to our fundraising
efforts for this program.  For example, testimonials that we share
with donors show where there is impact and need. This helps us secure
resources, funding, and expanded opportunities for undergraduate
researchers in the coming academic terms.  Thank you!",Latest Discovery Hubs pre-survey date,Number of semesters in program,,
1,"{""ImportId"":""QID55""}","{""ImportId"":""QID56""}","{""ImportId"":""QID56_8_TEXT""}","{""ImportId"":""QID86""}","{""ImportId"":""QID21""}","{""ImportId"":""QID57_TEXT""}","{""ImportId"":""QID58""}","{""ImportId"":""QID58_3_TEXT""}","{""ImportId"":""QID59_TEXT""}","{""ImportId"":""QID88""}","{""ImportId"":""QID61""}","{""ImportId"":""QID63""}","{""ImportId"":""QID64""}","{""ImportId"":""QID65""}","{""ImportId"":""QID66""}","{""ImportId"":""QID67""}","{""ImportId"":""QID68""}","{""ImportId"":""QID70""}","{""ImportId"":""QID71""}","{""ImportId"":""QID72""}","{""ImportId"":""QID73""}","{""ImportId"":""QID75""}","{""ImportId"":""QID77""}","{""ImportId"":""QID78""}","{""ImportId"":""QID78_9_TEXT""}","{""ImportId"":""QID91""}","{""ImportId"":""QID79""}","{""ImportId"":""QID80_TEXT""}","{""ImportId"":""QID81""}","{""ImportId"":""QID82""}","{""ImportId"":""QID83""}","{""ImportId"":""QID85_TEXT""}","{""ImportId"":""QID89_TEXT""}",,,,
2,CICI,"To engage in more active learning compared to the traditional classroom experience (e.g., reading textbooks with no application),To build mentorship connections",,Very Good,Yes,My prior experiences focused more on digitization while this one was more concerned with research and literary analysis.,"Another program on campus (URAP, SURF, Rose Hills, Haas Scholars)",,It sounded like a good opportunity to participate in research outside of my coursework.,Agree,Agree,Strongly Agree,Strongly Agree,Strongly Agree,Agree,Agree,Agree,Agree,Agree,Agree,Agree,1-2 hrs/wk,No.,Non-academic/industry research.,,Strongly considering,Yes,A research project concerned with my major.,Semester long,July,August,,"This program was an amazing experience, where I got to delve into research I would have otherwise never known about or considered. ",2026_05_16,2.0,2025_10_01,6.0
3,Molecular Foundry,"To make my undergraduate experience complete,To engage in more active learning compared to the traditional classroom experience (e.g., reading textbooks with no application),To explore career interests,To build mentorship connections,To prepare for graduate school",,Very Good,Yes,"I really appreciated the structure of the CICI group under my mentor Yvonne Lin. I liked how Discovery Hubs allowed me to do an independent research project, while still having structured mentorship. I didn't enjoy my previous research through URAP as much as I because I didn't get to choose the project, since I was just working on a project that my professor assigned to me. ","Another program on campus (URAP, SURF, Rose Hills, Haas Scholars)",,"I liked the topic of my CICI Discovery Hub cluster more than the URAP listings. I also liked that the Discovery Hub allowed me to do my own research, rather than working for a professor, and that my group was collaborative in discussion.  ",Strongly Agree,Agree,Agree,Strongly Agree,Strongly Agree,Strongly Agree,Strongly Agree,Strongly Agree,Strongly Agree,Strongly Agree,Agree,Strongly Agree,More than 5 hrs/week,No.,Professional practice.,,Position secured or offered accepted,"I would be interested, but I am not eligible due to graduating this semester",,Year long,August,August,,"I really enjoyed my Discovery Hubs experience, as it allowed me to experience the structure of a grad class, receive support from a knowledgeable and caring graduate mentor who graciously provided insights about the hidden curriculum of grad school, and conduct an independent research project, which has helped me discover and refine my research interests. Now, I feel more prepared for grad school, feel more confident in my ability to conduct research, and have begun to see grad school as a more realistic option for me. ",2026_05_16,2.0,2025_10_01,4.0
4,CICI,"To make my undergraduate experience complete,To engage in more active learning compared to the traditional classroom experience (e.g., reading textbooks with no application),To explore career interests,To build mentorship connections,To prepare for graduate school",,Very Good,Yes,"I really appreciated the structure of the CICI group under my mentor Yvonne Lin. I liked how Discovery Hubs allowed me to do an independent research project, while still having structured mentorship. I didn't enjoy my previous research through URAP as much as I because I didn't get to choose the project, since I was just working on a project that my professor assigned to me. ","Another program on campus (URAP, SURF, Rose Hills, Haas Scholars)",,"I liked the topic of my CICI Discovery Hub cluster more than the URAP listings. I also liked that the Discovery Hub allowed me to do my own research, rather than working for a professor, and that my group was collaborative in discussion.  ",Strongly Agree,Agree,Agree,Strongly Agree,Strongly Agree,Strongly Agree,Strongly Agree,Strongly Agree,Strongly Agree,Strongly Agree,Agree,Strongly Agree,More than 5 hrs/week,No.,Professional practice.,,Position secured or offered accepted,"I would be interested, but I am not eligible due to graduating this semester",,Year long,August,August,,"I really enjoyed my Discovery Hubs experience, as it allowed me to experience the structure of a grad class, receive support from a knowledgeable and caring graduate mentor who graciously provided insights about the hidden curriculum of grad school, and conduct an independent research project, which has helped me discover and refine my research interests. Now, I feel more prepared for grad school, feel more confident in my ability to conduct research, and have begun to see grad school as a more realistic option for me. ",2026_05_16,2.0,2025_10_01,4.0
5,CICI,"To make my undergraduate experience complete,To engage in more active learning compared to the traditional classroom experience (e.g., reading textbooks with no application),To shape knowledge, not just consume it,To gain hands-on skills,To explore career interests,To build mentorship connections,To prepare for graduate school",,Good,Yes,A major difference from my previous research experiences and my experience with the discovery hub is that unlike in my prior research positions through the discovery hub I was able to be financially compensated for my research,"Reaching out directly to a professor,Another program on campus (URAP, SURF, Rose Hills, Haas Scholars)",,"I selected the discovery hub research position over other research opportunities for several reasons. This included having the opportunity of gaining research experience in an area that aligned with my major and interest, the opportunity for mentorship, and the opportunity to be financially compensated",Strongly Agree,Strongly Agree,Strongly Agree,Strongly Agree,Strongly Agree,Strongly Agree,Strongly Agree,Strongly Agree,Strongly Agree,Strongly Agree,Strongly Agree,Strongly Agree,1-2 hrs/wk,"Yes, in a different group.",,,Exploring options,Yes,If there is an opportunity for my engagement in research to be financially compensated and if research opportunity aligns with my interests,Semester long,June,August,,"Having dedicated mentorship and the opportunity to gain research experience in an area aligned with my major was truly invaluable. For many students, including myself, it was also crucial that the Discovery Hub research positions offered financial compensation. Without that support, I would not have been able to participate in research at all.",2026_05_16,2.0,2025_10_01,3.0
6,CICI,"To make my undergraduate experience complete,To shape knowledge, not just consume it,To prepare for graduate school",,Fair,Yes,The main difference is that we have a final presentation at the end. ,"Another program on campus (URAP, SURF, Rose Hills, Haas Scholars)",,Because of the year long process and the consistent mentorship + workshops. ,Somewhat Agree,Strongly Agree,Strongly Agree,Strongly Agree,Strongly Agree,Strongly Agree,Strongly Agree,Strongly Agree,Strongly Agree,Strongly Agree,Strongly Agree,Strongly Agree,1-2 hrs/wk,No.,None of the above.,,Strongly considering,Yes,I’m not sure ,Year long,June,August,,,2026_05_16,,,3.0
7,CICI,"To engage in more active learning compared to the traditional classroom experience (e.g., reading textbooks with no application),To explore career interests",,Poor,Yes,"In this research project I helped develop the code book. We meet in person and there are ""office hours"" to work together in the same room and get extra support with questions. ","Another program on campus (URAP, SURF, Rose Hills, Haas Scholars)",,The project was the most interesting to me,Somewhat Agree,Strongly Agree,Strongly Agree,Strongly Agree,Strongly Agree,Strongly Agree,Strongly Agree,Strongly Agree,Strongly Agree,Strongly Agree,Strongly Agree,Strongly Agree,1-2 hrs/wk,"Yes, in the same group.",,,Position secured or offer accepted,Yes,If I could get paid,Year with possibility of extending into summer,August,August,,"As a part of the Climate Change and Farmworker Justice research project, I am gaining direct insights from farmworkers themselves who have unique and impactful experiences to share. It is necessary to shape policy to rebuild the food system with the people within it at the center - and going straight to the source is important. I have grown as both a researcher and an advocate for farmers rights. ",2025_12_13,1.0,2025_10_01,8.0
8,UCSF Anesthesia and Perioperative Care,"To make my undergraduate experience complete,To engage in more active learning compared to the traditional classroom experience (e.g., reading textbooks with no application),To shape knowledge, not just consume it,To gain hands-on skills,To explore career interests,To build mentorship connections",,Excellent,Yes,"Most of my prior research involved wet lab research in the Shapira lab as well as the Banfield lab through SPUR. In this research experience I didn't do as much research, but instead I learned more about the role of a Clinical Research Coordinator a future role I'm interested in working in after graduating. ","Reaching out directly to a professor,Another program on campus (URAP, SURF, Rose Hills, Haas Scholars)",,I want to be a Clinical Research Coordinator hopefully at UCSF after graduating. So this was the perfect experience for me to be able to get involved in compared to other research avenues. ,Agree,Strongly Agree,Strongly Agree,Strongly Agree,Strongly Agree,Strongly Agree,Strongly Agree,Strongly Agree,Strongly Agree,Strongly Agree,Strongly Agree,Strongly Agree,3-4 hrs/week,"Yes, in the same group.",,,Strongly considering,Yes,"If there was more promotion, easier access, and expansion of these types of opportunities. ",Year with possibility of extending into summer,April,May,,Working at UCSF as a Clinical Research Coordinator taught me more about a career I've been wanting to explore more before graduating and I'm extremely grateful to the Discovery Research Hub at UC Berkeley for providing this opportunity for me to grow and learn.,2025_12_13,1.0,2025_10_01,
9,CICI,"To gain hands-on skills,To explore career interests,To build mentorship connections,To prepare for graduate school",,Fair,Yes,"i really liked how my experience in the discovery hub program was much more student-driven. instead of just doing labor for other people's projects, i liked how the focus of the program was on developing my own research questions and being able to explore those questions through my paper. i really love how, at the end of the program, i now have my own work product that i've developed, which tangibly demonstrates the work that i've done over the past year, rather than just having random tasks i've done for other people's projects.","Another program on campus (URAP, SURF, Rose Hills, Haas Scholars)",,"i really liked a lot of the differences i mentioned earlier, such as the opportunity to develop my own project. i also really felt that the projects under discover hubs were much more relevant to my own personal interests, and i really liked the more hands-on mentorship within the program. ",Somewhat Agree,Strongly Agree,Strongly Agree,Strongly Agree,Strongly Agree,Strongly Agree,Strongly Agree,Strongly Agree,Strongly Agree,Strongly Agree,Strongly Agree,Strongly Agree,1-2 hrs/wk,"Yes, in a different group.",,,Exploring options,Yes,interest in the projects that are being offered,Year with possibility of extending into summer,August,August,,"the opportunity to work under the CICI program this year was the most special and exciting thing i've done throughout all of my time at berkeley. i really feel like this program materially changed my outlook on my academic work, as well as my career goals. i don't say this about many things, but i really feel like my time under this program genuinely transformed my life, and is one of the things that makes me extremely glad that i stayed in berkeley for (rather than transferring, which i had been considering for some time last year). ",2026_05_16,2.0,2025_10_01,4.0
10,CICI,To make my undergraduate experience complete,,Very Good,Yes,"In my earlier research experiences, I typically worked within a defined structure. The projects already had established frameworks, research questions, and clear expectations. My role was to contribute to ongoing work, follow existing methodologies, and support goals that had largely been set before I joined.
Discovery Hubs, on the other hand, encouraged a far more exploratory approach. Instead of entering a predetermined project, I was invited to identify questions that genuinely interested me, pursue emerging ideas, and take intellectual risks. The emphasis was not only on producing results, but on curiosity, experimentation, and discovery. This shift made the research feel much more self-directed and creative.",Reaching out directly to a professor,,"I chose the Discovery Hubs because they offered something that traditional research avenues often do not: a space where exploration, creativity, and student-driven inquiry are not only allowed but encouraged. Unlike more formal research programs where projects are predefined and roles are narrowly structured, the Discovery Hubs gave me the freedom to pursue ideas that genuinely interested me and the support to develop them in meaningful ways.",Agree,Strongly Agree,Agree,Agree,Strongly Agree,Somewhat Agree,Agree,Strongly Agree,Agree,Strongly Agree,Strongly Agree,Agree,More than 5 hrs/week,No.,"Artistic / creative endeavors.,Teaching / education.,Government / nonprofit.",,Actively appREDACTEDg,Yes,The freedom to explore ideas in the Hubs introduced me to topics I might never have encountered through traditional coursework. Pursuing those interests helped me understand what kinds of questions energize me and what environments I thrive in. This has guided me toward more intentional academic choices and helped clarify the types of roles I want to pursue in the future.,Semester long,April,April,,,2025_12_13,,,7.0
11,CICI,"To engage in more active learning compared to the traditional classroom experience (e.g., reading textbooks with no application),To shape knowledge, not just consume it,To gain hands-on skills,To build mentorship connections,To prepare for graduate school",,Fair,Yes,"The Discovery Hubs research project felt more collaborative, and there were several more opportunities for mentorship and gain insight into what graduate-level work looks like ","Another program on campus (URAP, SURF, Rose Hills, Haas Scholars)",,I appreciated the direct mentorship aspect and also enjoyed getting to know other undergraduates in different disciplines ,Disagree,Somewhat Agree,Strongly Agree,Somewhat Agree,Agree,Agree,Agree,Agree,Agree,Agree,Agree,Agree,1-2 hrs/wk,No.,Government / nonprofit.,,Position secured or offered accepted,Yes,,Year long,June,August,,"The Discovery Research Hub helped me recognize how essential interdisciplinary research is in shaping a research project. I learned how to work collaboratively with people who have different trainings, and I learned how my own disciplinary perspective brings in new insight. I am glad to have received mentorship from a PhD student who modeled to me what rigorous research practically looks like. ",2026_05_16,2.0,2025_10_01,5.0
12,NASA Biosciences,"To explore career interests,To build mentorship connections,To prepare for graduate school",,Excellent,Yes,Idk man,Reaching out directly to a professor,,Idk man,Strongly Agree,Strongly Agree,Strongly Agree,Strongly Agree,Strongly Agree,Strongly Agree,Strongly Agree,Strongly Agree,Strongly Agree,Strongly Agree,Strongly Agree,Strongly Agree,More than 5 hrs/week,"Yes, in the same group.",,,Position secured or offered accepted,Yes,Idk man,Year with possibility of extending into summer,March,August,,N/a,2026_05_16,,,4.0
13,Molecular Foundry,"To engage in more active learning compared to the traditional classroom experience (e.g., reading textbooks with no application),To gain hands-on skills,To explore career interests,To build mentorship connections,To prepare for graduate school",,Good,Yes,"The level of mentorship I received during Discovery Hubs far exceeded my previous research experiences. I was able to have in-depth conversations with my mentor to clearly define the scope of my work, sharpen my understanding of its significance, and understand how it can be applied in the future. I also narrowed my future ambitions for what to pursue in graduate school. This was a sharp contrast to previous projects where I was given very little supervision and came out of the project feeling more isolated and less fulfilled.","Reaching out directly to a professor,Another program on campus (URAP, SURF, Rose Hills, Haas Scholars)",,I liked my project the most.,Strongly Agree,Strongly Agree,Strongly Agree,Strongly Agree,Strongly Agree,Strongly Agree,Strongly Agree,Strongly Agree,Strongly Agree,Strongly Agree,Agree,Strongly Agree,1-2 hrs/wk,"Yes, in the same group.",,,Position secured or offered accepted,Yes,If an opportunity were to open early for previous participants to opt into.,Year long,July,August,,,2026_05_16,1.0,2026_02_28,
14,Molecular Foundry,"To make my undergraduate experience complete,To engage in more active learning compared to the traditional classroom experience (e.g., reading textbooks with no application),To shape knowledge, not just consume it,To gain hands-on skills,To explore career interests,To build mentorship connections,To prepare for graduate school",,Good,Yes,I had a more active role in the research for this experience. ,"Another program on campus (URAP, SURF, Rose Hills, Haas Scholars)",,Because the topic interested me,Agree,Agree,Strongly Agree,Strongly Agree,Strongly Agree,Agree,Strongly Agree,Strongly Agree,Strongly Agree,Strongly Agree,Strongly Agree,Strongly Agree,More than 5 hrs/week,"Yes, in the same group.",,,Position secured or offered accepted,Yes,,Year with possibility of extending into summer,June,August,,I really appreciated my mentor being open to questions and explaining difficult concepts to me in a welcoming environment ,2026_05_16,1.0,2026_02_28,
15,Kavli ENSI,"To engage in more active learning compared to the traditional classroom experience (e.g., reading textbooks with no application),To shape knowledge, not just consume it,To prepare for graduate school",,Good,Yes,Discovery Hub was much more extensive and the mentorship aspect was amazing. I learned so much..,Reaching out directly to a professor,,I loved the support and the experience and my mentor was great ,Agree,Strongly Agree,Strongly Agree,Strongly Agree,Strongly Agree,Strongly Agree,Strongly Agree,Strongly Agree,Strongly Agree,Strongly Agree,Strongly Agree,Strongly Agree,3-4 hrs/week,"Yes, in the same group.",,,Position secured or offered accepted,Yes,,Year with possibility of extending into summer,July,August,,I'm a physics and astrophysics major being able to be exposed to biophysics was amazing and made me consider biophysics for grad school. ,2026_05_16,2.0,2025_10_01,4.0
16,Kavli ENSI,"To engage in more active learning compared to the traditional classroom experience (e.g., reading textbooks with no application),To shape knowledge, not just consume it,To gain hands-on skills,To explore career interests,To prepare for graduate school",,Good,Yes,"The main difference between my prior research experiences and my experiences in the Discovery Hubs was the level of structure and intentional skill development. The Discovery Hubs provided a more supportive environment for learning how to conduct research, communicate ideas, and grow professionally. I especially appreciated the workshops and mentorship opportunities, which helped me build confidence in both my technical and collaborative skills. Compared to some of my previous experiences, the Discovery Hubs felt more focused on helping students learn and develop as researchers, not just contribute to projects.","Reaching out directly to a professor,Another program on campus (URAP, SURF, Rose Hills, Haas Scholars)",,"I chose the Discovery Hubs because of the supportive and structured environment they offered for students who were still developing their research experience. I was drawn to the mentorship, workshops, and opportunity to build both technical and professional skills while contributing to meaningful research.",Disagree,Strongly Agree,Strongly Agree,Strongly Agree,Agree,Strongly Agree,Strongly Agree,Strongly Agree,Strongly Agree,Agree,Somewhat Agree,Agree,3-4 hrs/week,"Yes, in the same group.",,,Position secured or offered accepted,Yes,"I would be more likely to participate in future opportunities with the Discovery Hubs if there were continued opportunities for mentorship and skill-building workshops, as well as collaborative research experiences. I especially value programs that help students grow professionally while connecting with a supportive research community.",Semester long,May,August,,"Participating in the Discovery Research Hub gave me the confidence to see myself as a researcher and someone capable of contributing meaningful ideas. One of the most special parts of the program was how supportive and encouraging the environment felt. Through the mentorship and workshop opportunities, I not only developed technical and professional skills, but also grew more confident developing my research capabilities.

As a student, having access to programs like this makes a huge difference. The Discovery Hubs created opportunities that made research feel more accessible and welcoming, and it helped me grow both academically and personally. I am truly grateful for the experience and for the people who made it possible. Thank you!",2026_05_16,2.0,2025_10_01,4.0
17,CICI,"To make my undergraduate experience complete,To engage in more active learning compared to the traditional classroom experience (e.g., reading textbooks with no application),To shape knowledge, not just consume it,To gain hands-on skills,To build mentorship connections,To prepare for graduate school",,Good,Yes,Primarily quantitativ.,Reaching out directly to a professor,,I knew my mentor beforehand.,Agree,Strongly Agree,Strongly Agree,Strongly Agree,Strongly Agree,Strongly Agree,Strongly Agree,Strongly Agree,Strongly Agree,Agree,Strongly Agree,Agree,3-4 hrs/week,"Yes, in the same group.",,,Actively appREDACTEDg,"I would be interested, but I am not eligible due to graduating this semester",Pay.,Year with possibility of extending into summer,August,August,,,2026_05_16,,,8.0
18,CICI,"To shape knowledge, not just consume it,To gain hands-on skills",,Very Good,No,,Reaching out directly to a professor,,The research aligned with my interests ,Somewhat Agree,Agree,Strongly Agree,Strongly Agree,Strongly Agree,Strongly Agree,Strongly Agree,Strongly Agree,Strongly Agree,Strongly Agree,Strongly Agree,Strongly Agree,3-4 hrs/week,"Yes, in the same group.",,,Actively appREDACTEDg,No,More research opportunities ,Year long,August,June,N/a,Na,2026_05_16,,,3.0
19,Kavli ENSI,"To make my undergraduate experience complete,To gain hands-on skills,To explore career interests,To build mentorship connections,To prepare for graduate school",,Good,Yes,"Before I worked in a more professional setting, academic research has more flexibility as well as a greater level of collaboration and brainstorming",Reaching out directly to a professor,,I felt the most interested in the research done through the Discover Hub,Somewhat Disagree,Strongly Agree,Agree,Agree,Agree,Strongly Agree,Agree,Strongly Agree,Strongly Agree,Agree,Agree,Agree,1-2 hrs/wk,"Yes, in a different group.",,,Exploring options,Yes,,Spring with possibility of extending into summer,June,July,,"I’ve been able to grow connections in the research environment at Berkeley, which allow me to see familiar faces and makes me feel more comfortable in my role at Berkeley as a researcher",2025_12_13,1.0,2025_10_01,2.0
20,Social Sciences,"To engage in more active learning compared to the traditional classroom experience (e.g., reading textbooks with no application)",,Good,Yes,Bigger team ,"Another program on campus (URAP, SURF, Rose Hills, Haas Scholars)",,I both both haas and discovery but just wanted more experience ,Somewhat Agree,Strongly Agree,Strongly Agree,Strongly Agree,Strongly Agree,Strongly Agree,Strongly Agree,Strongly Agree,Strongly Agree,Strongly Agree,Strongly Agree,Strongly Agree,3-4 hrs/week,No.,"Teaching / education.,Government / nonprofit.",,Actively appREDACTEDg,Yes,,Year long,August,August,,,2026_05_16,2.0,2025_10_01,4.0
21,CICI,"To make my undergraduate experience complete,To engage in more active learning compared to the traditional classroom experience (e.g., reading textbooks with no application),To shape knowledge, not just consume it,To gain hands-on skills",,Good,No,,Other,No,I knew my mentor and wanted to work with him to get to know his field better. ,Somewhat Agree,Agree,Agree,Strongly Agree,Agree,Strongly Agree,Agree,Strongly Agree,Strongly Agree,Strongly Agree,Somewhat Disagree,Strongly Agree,3-4 hrs/week,"Yes, in a different group.",,,Strongly considering,Yes,I am not sure as I am already planning on appREDACTEDg to future opportunities with the Discovery Hub. ,Year with possibility of extending into summer,July,August,,"This program really helped me identify what my academic interests were and where my forte and shortcomings were as a researcher. I was able to engage in my academic work with a more critical and interdisciplinary lens, and I feel more confident as an academic. This experience solidifed my desire to pursuit a doctorate to become a researcher and a professor. I was able to realise my passion and course correct my future academic plans: initially, I was aiming to recieve a doctorate degree in english literature. However, after this experience, and after much mentorship, I have pivoted to pursuing a doctorate degree in comparative literature. ",2026_05_16,2.0,2025_10_01,4.0
22,Molecular Foundry,"To shape knowledge, not just consume it,To explore career interests,To build mentorship connections",,Fair,Yes,I had more of a project at Discovery,Reaching out directly to a professor,,I choose discovery because of the project I got accepted to.,Strongly Agree,Strongly Agree,Strongly Agree,Strongly Agree,Strongly Agree,Agree,Strongly Agree,Strongly Agree,Strongly Agree,Strongly Agree,Strongly Agree,Strongly Agree,More than 5 hrs/week,"Yes, in the same group.",,,Position secured or offered accepted,Yes,Clearer projects and options to choose from.,Year long,March,May,,,2026_05_16,,,
23,Molecular Foundry,"To explore career interests,To prepare for graduate school",,Very Good,Yes,"My prior research experiences have been full time during the summer, Discovery Hubs has been part time during the semester.","Reaching out directly to a professor,Another program on campus (URAP, SURF, Rose Hills, Haas Scholars)",,I had previously worked with my Discovery Hubs mentor and they recommended that I apply.,Agree,Strongly Agree,Strongly Agree,Strongly Agree,Strongly Agree,Strongly Agree,Strongly Agree,Strongly Agree,Strongly Agree,Strongly Agree,Strongly Agree,Strongly Agree,1-2 hrs/wk,No.,Non-academic / industry research.,,Strongly considering,"I would be interested, but I am not eligible due to graduating this semester",,Semester long,August,August,,"This program allowed me to develop skills unrelated to my major. I had always been interested in a coding heavy experience, but because of my major (chemical engineering) and prior work experience it was difficult to find the right opportunity. This program have me the opportunity to develop these skills.",2025_12_13,,,
24,Molecular Foundry,"To engage in more active learning compared to the traditional classroom experience (e.g., reading textbooks with no application),To gain hands-on skills,To explore career interests,To build mentorship connections",,Good,Yes,Berkeley lab is more famous,"Another program on campus (URAP, SURF, Rose Hills, Haas Scholars)",,The research opportunity here was more interesting and impactful than the other,Disagree,Strongly Agree,Strongly Agree,Strongly Agree,Strongly Agree,Strongly Agree,Agree,Strongly Agree,Strongly Agree,Strongly Agree,Agree,Agree,1-2 hrs/wk,"Yes, in a different group.",,,Position secured or offered accepted,Yes,,Semester long,June,July,,The discovery hubs program at the molecular foundry helped me gain essential hands on software and data engineering experience which is highly transferable to future internships and jobs. The mentors are also caring and inspiring.,2026_05_16,2.0,2025_10_01,
25,Kavli ENSI,"To make my undergraduate experience complete,To engage in more active learning compared to the traditional classroom experience (e.g., reading textbooks with no application),To shape knowledge, not just consume it,To gain hands-on skills,To build mentorship connections",,Good,No,,Reaching out directly to a professor,,"They made undergraduates feel important in research, which was helpful to feel included and made it feel possible for me to get research.",Agree,Strongly Agree,Strongly Agree,Strongly Agree,Strongly Agree,Strongly Agree,Strongly Agree,Strongly Agree,Strongly Agree,Strongly Agree,Strongly Agree,Strongly Agree,1-2 hrs/wk,No.,Non-academic / industry research.,,Generally considering,Yes,More career & networking events!,Year long,July,August,,I learned a lot more about my future career goals and what I am interested in! I also learned how broad my opportunities are!,2025_12_13,,,4.0
26,CICI,To prepare for graduate school,,Good,Yes,Discovery Hubs were interdisciplinary,"Another program on campus (URAP, SURF, Rose Hills, Haas Scholars)",,I wanted to do interdisciplinary research,Somewhat Agree,Strongly Agree,Strongly Agree,Strongly Agree,Strongly Agree,Strongly Agree,Strongly Agree,Strongly Agree,Strongly Agree,Strongly Agree,Strongly Agree,Strongly Agree,3-4 hrs/week,"Yes, in the same group.",,,Exploring options,Yes,I would like to participate,Semester long,March,August,,,2026_05_16,,,5.0
27,CNMAT,"To make my undergraduate experience complete,To engage in more active learning compared to the traditional classroom experience (e.g., reading textbooks with no application),To shape knowledge, not just consume it,To gain hands-on skills,To explore career interests,To build mentorship connections,To prepare for graduate school",,Fair,Yes,Research support and infrastructure through discovery hubs,"Reaching out directly to a professor,Another program on campus (URAP, SURF, Rose Hills, Haas Scholars)",,,Somewhat Agree,Agree,Strongly Agree,Agree,Somewhat Agree,Strongly Agree,Somewhat Agree,Agree,Agree,Agree,Somewhat Agree,Agree,1-2 hrs/wk,"Yes, in the same group.",,,Position secured or offered accepted,Yes,More networking and workshop activities,Year long,May,July,,"It was so interesting to be a part of an organization that is so cross disciplinary. I hope that there are more opportunities opened up by discovery hubs in the future, such as conferencing events, research meetings and presentations, and workshops.",2026_05_16,1.0,2026_02_28,
28,Kavli ENSI,"To shape knowledge, not just consume it,To gain hands-on skills,To explore career interests,To build mentorship connections,To prepare for graduate school",,Very Poor,No,,"Reaching out directly to a professor,Another program on campus (URAP, SURF, Rose Hills, Haas Scholars)",,I ultimately chose Discovery Hub as it was best in-line with my current research opportunities.,Agree,Agree,Strongly Agree,Strongly Agree,Strongly Agree,Strongly Agree,Strongly Agree,Strongly Agree,Strongly Agree,Strongly Agree,Agree,Strongly Agree,1-2 hrs/wk,"Yes, in the same group.",,,Actively appREDACTEDg,"I would be interested, but I am not eligible due to graduating this semester","Depends on graduation and various factors. If I have to continue another semester, I plan to continue with Discovery Hub.",Year long,April,June,,This has been a wonderful program! Thank you very much for the opportunity!,2025_12_13,1.0,2025_10_01,1.0
29,CICI,"To make my undergraduate experience complete,To engage in more active learning compared to the traditional classroom experience (e.g., reading textbooks with no application),To shape knowledge, not just consume it,To gain hands-on skills,To explore career interests,To build mentorship connections",,Excellent,No,,"Reaching out directly to a professor,Another program on campus (URAP, SURF, Rose Hills, Haas Scholars),Other",,"I was accepted into the program, and it's what worked best for my schedule. ",Agree,Agree,Agree,Somewhat Agree,Agree,Agree,Agree,Agree,Somewhat Agree,Somewhat Agree,Somewhat Disagree,Agree,1-2 hrs/wk,"Yes, in the same group.",,,Strongly considering,Yes,If I have a good experience in the program.,Year with possibility of extending into summer,March,March,,I gained more knowledge and insight into a field I didn't know about before. I also got to work with other students on the same project which was satisfying. ,2026_05_16,,,
30,Kavli ENSI,To prepare for graduate school,,Very Poor,Yes,This allows more hands on experiences allowing me to take more initiative ,"Reaching out directly to a professor,Another program on campus (URAP, SURF, Rose Hills, Haas Scholars)",,I thought it involved special mentorship which is unique.,Somewhat Agree,Somewhat Agree,Strongly Agree,Agree,Agree,Somewhat Agree,Strongly Agree,Strongly Agree,Strongly Agree,Somewhat Agree,Somewhat Agree,Strongly Agree,More than 5 hrs/week,"Yes, in the same group.",,,Exploring options,Yes,,Year with possibility of extending into summer,May,July,,,2026_05_16,,,4.0
31,NASA Biosciences,"To make my undergraduate experience complete,To engage in more active learning compared to the traditional classroom experience (e.g., reading textbooks with no application),To shape knowledge, not just consume it,To gain hands-on skills,To explore career interests,To build mentorship connections,To prepare for graduate school",,Good,Yes,"Working with a professional team, PhD student, scientists ","Reaching out directly to a professor,Another program on campus (URAP, SURF, Rose Hills, Haas Scholars)",,Interesting project,Agree,Strongly Agree,Strongly Agree,Strongly Agree,Strongly Agree,Strongly Agree,Strongly Agree,Strongly Agree,Strongly Agree,Strongly Agree,Strongly Agree,Strongly Agree,3-4 hrs/week,"Yes, in the same group.",,,Strongly considering,Yes,,Year long,June,July,,,2026_05_16,,,4.0
32,CICI,"To make my undergraduate experience complete,To engage in more active learning compared to the traditional classroom experience (e.g., reading textbooks with no application),To shape knowledge, not just consume it,To gain hands-on skills,To explore career interests,To build mentorship connections,To prepare for graduate school",,Excellent,Yes,I love the community Discovery Hubs provides!,"Another program on campus (URAP, SURF, Rose Hills, Haas Scholars)",,Found PhD students doing research I was deeply interested in!,Somewhat Agree,Strongly Agree,Strongly Agree,Strongly Agree,Strongly Agree,Strongly Agree,Strongly Agree,Strongly Agree,Strongly Agree,Strongly Agree,Strongly Agree,Strongly Agree,3-4 hrs/week,"Yes, in a different group.",,,Strongly considering,"I would be interested, but I am not eligible due to graduating this semester",,Year long,,,n/a graduating,great great life changing experience!,2026_05_16,,,8.0
33,Kavli ENSI,"To engage in more active learning compared to the traditional classroom experience (e.g., reading textbooks with no application),To shape knowledge, not just consume it,To gain hands-on skills,To build mentorship connections,To prepare for graduate school",,Poor,Yes,This one more engaged ,Reaching out directly to a professor,,Like this project ,Strongly Disagree,Strongly Agree,Agree,Strongly Agree,Strongly Agree,Somewhat Agree,Agree,Strongly Agree,Strongly Agree,Strongly Agree,Strongly Agree,Strongly Agree,More than 5 hrs/week,"Yes, in the same group.",,,Generally considering,Yes,,Semester long,March,July,,,2026_05_16,2.0,2025_10_01,4.0
34,CICI,"To make my undergraduate experience complete,To engage in more active learning compared to the traditional classroom experience (e.g., reading textbooks with no application),To shape knowledge, not just consume it,To gain hands-on skills,To explore career interests,To build mentorship connections,To prepare for graduate school",,Fair,No,,Reaching out directly to a professor,,Professors are hard to reach out to!,Somewhat Agree,Strongly Agree,Strongly Agree,Strongly Agree,Strongly Agree,Strongly Agree,Strongly Agree,Strongly Agree,Strongly Agree,Somewhat Agree,Strongly Agree,Strongly Agree,3-4 hrs/week,"Yes, in a different group.",,,Generally considering,"I would be interested, but I am not eligible due to graduating this semester",,Year with possibility of extending into summer,May,July,,This has been such a wonderful opportunity to make friends and build research connections! Shoutout CICI!,2026_05_16,2.0,2025_10_01,5.0
35,Social Sciences,"To shape knowledge, not just consume it,To gain hands-on skills,To prepare for graduate school",,Good,Yes,Some were funded positions (rather than just based upon work study eligibility),"Reaching out directly to a professor,Another program on campus (URAP, SURF, Rose Hills, Haas Scholars)",,Interesting project,Strongly Disagree,Agree,Agree,Strongly Agree,Strongly Agree,Strongly Agree,Strongly Agree,Strongly Agree,Strongly Agree,Strongly Agree,Strongly Agree,Strongly Agree,1-2 hrs/wk,"Yes, in a different group.",,,Position secured or offered accepted,"I would be interested, but I am not eligible due to graduating this semester",,Year long,May,June,,,2026_05_16,2.0,2025_10_01,4.0
36,NASA Biosciences,"To engage in more active learning compared to the traditional classroom experience (e.g., reading textbooks with no application),To shape knowledge, not just consume it,To gain hands-on skills,To explore career interests,To build mentorship connections,To prepare for graduate school",,Excellent,No,,"Another program on campus (URAP, SURF, Rose Hills, Haas Scholars)",,I thought it fit my views most closely ,Strongly Agree,Strongly Agree,Strongly Agree,Strongly Agree,Strongly Agree,Strongly Agree,Strongly Agree,Strongly Agree,Strongly Agree,Strongly Agree,Strongly Agree,Strongly Agree,3-4 hrs/week,"Yes, in the same group.",,,Generally considering,Yes,If it was more engineering related ,Year long,June,April,,I don’t know ,2026_05_16,,,4.0
37,Kavli ENSI,"To engage in more active learning compared to the traditional classroom experience (e.g., reading textbooks with no application),To gain hands-on skills,To explore career interests,To build mentorship connections",,Fair,Yes,"My Discovery Hub research is in the same lab as my prior research experience, so the work I am actively doing is not materially different. The Discovery Hub provides a more formal framework for mentorship and a larger community to connect with outside my lab.","Reaching out directly to a professor,Another program on campus (URAP, SURF, Rose Hills, Haas Scholars)",,My mentor recommended it.,Somewhat Disagree,Agree,Agree,Agree,Agree,Agree,Agree,Agree,Agree,Agree,Agree,Agree,1-2 hrs/wk,"Yes, in the same group.",,,Position secured or offer accepted,Yes,,Semester long,May,July,,,2025_12_13,1.0,2025_10_01,2.0
38,Molecular Foundry,"To make my undergraduate experience complete,To engage in more active learning compared to the traditional classroom experience (e.g., reading textbooks with no application),To shape knowledge, not just consume it,To gain hands-on skills,To explore career interests,To build mentorship connections,To prepare for graduate school",,Poor,Yes,"With the Discovery Hub, it's more engaging &. ""real-world"" + better/stronger relationship with mentors","Reaching out directly to a professor,Another program on campus (URAP, SURF, Rose Hills, Haas Scholars)",,,Disagree,Strongly Agree,Strongly Agree,Agree,Agree,Somewhat Agree,Agree,Strongly Agree,Agree,Agree,Somewhat Disagree,Agree,3-4 hrs/week,"Yes, in the same group.",,,Strongly considering,Yes,,Year with possibility of extending into summer,June,August,,"This was a great opportunity to do ""real"" research at a national lab, and to have great mentors guiding you through it. It was fun, educational, and really shaped my skills as a researcher.  ",2026_05_16,2.0,2025_10_01,
39,UCSF Anesthesia and Perioperative Care,"To engage in more active learning compared to the traditional classroom experience (e.g., reading textbooks with no application)",,Very Good,Yes,This is a wet lab experience ,Reaching out directly to a professor,,I enjoy my research at UCSF,Agree,Agree,Agree,Agree,Agree,Agree,Agree,Agree,Agree,Agree,Agree,Agree,3-4 hrs/week,"Yes, in the same group.",,,Actively appREDACTEDg,Yes,,Year long,April,April,,,2026_05_16,,,
40,Kavli ENSI,"To make my undergraduate experience complete,To engage in more active learning compared to the traditional classroom experience (e.g., reading textbooks with no application),To shape knowledge, not just consume it,To gain hands-on skills,To explore career interests,To prepare for graduate school",,Good,No,,"Another program on campus (URAP, SURF, Rose Hills, Haas Scholars)",,Unique opportunity for research ,Disagree,Agree,Agree,Agree,Agree,Agree,Agree,Agree,Agree,Agree,Agree,Agree,1-2 hrs/wk,No.,Other,,Position secured or offered accepted,Yes,,Year long,June,August,,,2026_05_16,,,3.0
41,Kavli ENSI,"To make my undergraduate experience complete,To engage in more active learning compared to the traditional classroom experience (e.g., reading textbooks with no application),To gain hands-on skills,To explore career interests,To build mentorship connections,To prepare for graduate school",,Good,No,,"Reaching out directly to a professor,Another program on campus (URAP, SURF, Rose Hills, Haas Scholars)",,"Discovery felt much more grass-roots and had much more choosing-power applied to the grad student. This permits an underserved student like myself to access research via a 1-1 connection, instead of via a resume.",Strongly Agree,Strongly Agree,Strongly Agree,Strongly Agree,Strongly Agree,Strongly Agree,Strongly Agree,Strongly Agree,Strongly Agree,Strongly Agree,Agree,Strongly Agree,3-4 hrs/week,"Yes, in the same group.",,,Strongly considering,"I would be interested, but I am not eligible due to graduating this semester",Some form of funding not attached to being an active undergrad.,Year with possibility of extending into summer,March,June,,,2026_05_16,,,2.0
42,CICI,To make my undergraduate experience complete,,Excellent,No,,"Another program on campus (URAP, SURF, Rose Hills, Haas Scholars)",,Application process was straightforward and research was of interest ,Strongly Agree,Strongly Agree,Strongly Agree,Strongly Agree,Strongly Agree,Strongly Agree,Strongly Agree,Strongly Agree,Strongly Agree,Strongly Agree,Strongly Agree,Strongly Agree,1-2 hrs/wk,No.,Other,HAAS - SURF,Exploring options,Yes,,Spring with possibility of extending into summer,August,August,,,2026_05_16,2.0,2025_10_01,5.0
43,CICI,"To make my undergraduate experience complete,To engage in more active learning compared to the traditional classroom experience (e.g., reading textbooks with no application),To shape knowledge, not just consume it,To gain hands-on skills,To build mentorship connections",,Fair,Yes,CICI was more interactive and structured,"Another program on campus (URAP, SURF, Rose Hills, Haas Scholars)",,The topic! And mentor,Agree,Strongly Agree,Strongly Agree,Strongly Agree,Strongly Agree,Strongly Agree,Strongly Agree,Strongly Agree,Strongly Agree,Strongly Agree,Strongly Agree,Strongly Agree,1-2 hrs/wk,No.,Government / nonprofit.,,,"I would be interested, but I am not eligible due to graduating this semester",,Year long,,,,This program was amazing. I had access to resources to explore questions and topics that are not common of accessible in a classroom setting,2026_05_16,2.0,2025_10_01,4.0
44,Kavli ENSI,"To make my undergraduate experience complete,To engage in more active learning compared to the traditional classroom experience (e.g., reading textbooks with no application),To shape knowledge, not just consume it,To gain hands-on skills,To explore career interests,To build mentorship connections,To prepare for graduate school",,Excellent,Yes,More opportunities for mentorship. ,Reaching out directly to a professor,,My mentor was involved. ,Strongly Agree,Strongly Agree,Strongly Agree,Strongly Agree,Strongly Agree,Strongly Agree,Strongly Agree,Strongly Agree,Strongly Agree,Strongly Agree,Strongly Agree,Strongly Agree,1-2 hrs/wk,"Yes, in the same group.",,,Position secured or offered accepted,Yes,,Year long,March,April,,,2026_05_16,2.0,2025_10_01,2.0
45,CNMAT,"To make my undergraduate experience complete,To engage in more active learning compared to the traditional classroom experience (e.g., reading textbooks with no application)",,Poor,Yes,I got this chance of final presentation and exercise myself ,Reaching out directly to a professor,,Exercise myself,Agree,Agree,Agree,Agree,Agree,Agree,Agree,Agree,Agree,Agree,Strongly Agree,Agree,1-2 hrs/wk,"Yes, in the same group.",,,Actively appREDACTEDg,"I would be interested, but I am not eligible due to graduating this semester",,Semester long,April,May,,,2026_05_16,,,
46,CICI,"To make my undergraduate experience complete,To engage in more active learning compared to the traditional classroom experience (e.g., reading textbooks with no application),To build mentorship connections",,Fair,No,,Reaching out directly to a professor,,The topics and freedom to work interdisciplinarily! ,Somewhat Agree,Somewhat Agree,Somewhat Agree,Agree,Agree,Strongly Agree,Somewhat Agree,Agree,Disagree,Strongly Disagree,Agree,Agree,1-2 hrs/wk,"Yes, in a different group.",,,Strongly considering,Yes,,Semester long,June,July,,Getting to work on such a specific field for so long was very valuable ,2026_05_16,,,
47,Kavli ENSI,To make my undergraduate experience complete,,Excellent,No,,Reaching out directly to a professor,,It sounded interesting ,Strongly Agree,Strongly Agree,,Strongly Agree,Strongly Agree,Strongly Agree,Strongly Agree,Strongly Agree,Strongly Agree,Strongly Agree,Strongly Agree,Strongly Agree,More than 5 hrs/week,"Yes, in the same group.",,,Actively appREDACTEDg,Yes,Yes,Semester long,April,March,,It was great,2026_05_16,2.0,2025_10_01,4.0
48,Kavli ENSI,To prepare for graduate school,,Good,No,,"Reaching out directly to a professor,Another program on campus (URAP, SURF, Rose Hills, Haas Scholars)",,They accepted me.,Agree,Strongly Agree,Strongly Agree,Strongly Agree,Strongly Agree,Strongly Agree,Strongly Agree,Agree,Strongly Agree,Strongly Agree,Strongly Agree,Strongly Agree,More than 5 hrs/week,"Yes, in the same group.",,,Position secured or offered accepted,Yes,My mentor.,Year with possibility of extending into summer,July,August,,,2026_05_16,2.0,2025_10_01,4.0
49,Molecular Foundry,"To make my undergraduate experience complete,To engage in more active learning compared to the traditional classroom experience (e.g., reading textbooks with no application),To shape knowledge, not just consume it,To gain hands-on skills,To explore career interests,To build mentorship connections",,Very Good,No,,"Reaching out directly to a professor,Another program on campus (URAP, SURF, Rose Hills, Haas Scholars)",,First program to accept me,Agree,Agree,Agree,Agree,Agree,Agree,Agree,Agree,Agree,Agree,Agree,Agree,1-2 hrs/wk,"Yes, in the same group.",,,Position secured or offered accepted,Yes,Paid opportunities ,Year with possibility of extending into summer,May,June,,,2026_05_16,2.0,2025_10_01,
50,NASA Biosciences,"To make my undergraduate experience complete,To engage in more active learning compared to the traditional classroom experience (e.g., reading textbooks with no application),To gain hands-on skills,To explore career interests,To build mentorship connections",,Good,No,,Reaching out directly to a professor,,I didn’t get other research opportunities ,Somewhat Agree,Strongly Agree,Agree,Agree,Strongly Agree,Strongly Agree,Strongly Agree,Strongly Agree,Strongly Agree,Strongly Agree,Strongly Agree,Strongly Agree,1-2 hrs/wk,"Yes, in the same group.",,,Actively appREDACTEDg,Yes,If there was something more aligned with my major,Year long,April,April,,,2026_05_16,2.0,2025_10_01,5.0
51,CICI,To make my undergraduate experience complete,,Very Good,No,,Other,No,It was my only avenue,Disagree,Strongly Agree,Strongly Agree,Strongly Agree,Strongly Agree,Strongly Agree,Strongly Agree,Strongly Agree,Strongly Agree,Strongly Agree,Somewhat Agree,Strongly Agree,3-4 hrs/week,"Yes, in a different group.",,,Exploring options,"I would be interested, but I am not eligible due to graduating this semester",,Year long,,,,"This was the most in depth learning experience I had at Berkeley, and it profoundly changed my understanding of the University. ",2026_05_16,2.0,2025_10_01,4.0
52,Molecular Foundry,"To make my undergraduate experience complete,To engage in more active learning compared to the traditional classroom experience (e.g., reading textbooks with no application),To shape knowledge, not just consume it,To gain hands-on skills,To explore career interests,To build mentorship connections,To prepare for graduate school",,Very Good,No,,"Reaching out directly to a professor,Another program on campus (URAP, SURF, Rose Hills, Haas Scholars)",,The opportunity I was accepted into was the most applicable to my plans and felt like it had the greatest room for growth,Agree,Strongly Agree,Strongly Agree,Strongly Agree,Agree,Strongly Agree,Agree,Strongly Agree,Agree,Somewhat Agree,Somewhat Agree,Somewhat Agree,3-4 hrs/week,"Yes, in the same group.",,,Position secured or offered accepted,Yes,,Semester long,July,August,,,2026_05_16,,,
53,CICI,"To engage in more active learning compared to the traditional classroom experience (e.g., reading textbooks with no application),To shape knowledge, not just consume it,To gain hands-on skills,To explore career interests,To build mentorship connections,To prepare for graduate school",,Very Good,No,,,,,Somewhat Disagree,Agree,Somewhat Agree,Somewhat Agree,Somewhat Agree,Strongly Agree,Somewhat Agree,Strongly Agree,Agree,Agree,Somewhat Agree,Somewhat Agree,1-2 hrs/wk,"Yes, in a different group.",,,Generally considering,Yes,If the mentor was more active.,Semester long,August,August,,"I appreciate this program, and I believe it will aid me in my future prospects in academia. ",2026_05_16,,,
54,Molecular Foundry,"To explore career interests,To build mentorship connections,To prepare for graduate school",,Excellent,Yes,,Reaching out directly to a professor,,The mentor and specific research experience,Strongly Agree,Strongly Agree,Strongly Agree,Strongly Agree,Strongly Agree,Strongly Agree,Strongly Agree,Strongly Agree,Strongly Agree,Strongly Agree,Strongly Agree,Strongly Agree,More than 5 hrs/week,"Yes, in the same group.",,,Position secured or offer accepted,Yes,,Semester long,July,July,,"The Discovery Research Hub program was transformative for my academic and professional growth, particularly in connecting theoretical knowledge with real-world, high-stakes engineering problems.

The most special and impactful aspect of the program was the opportunity to work directly on the Micro-fluidic devices project, specifically appREDACTEDg advanced machine learning techniques to a critical aerospace challenge: modeling the performance of next-generation turbine blades.",2025_12_13,1.0,2025_10_01,
55,Molecular Foundry,"To gain hands-on skills,To explore career interests,To prepare for graduate school",,Very Good,Yes,My other research experiences were on university campuses through summer terms. It was great to be supported through a semester!,,,,Somewhat Agree,Agree,Agree,Strongly Agree,Agree,Agree,Agree,Agree,Agree,Somewhat Agree,Agree,Agree,1-2 hrs/wk,"Yes, in the same group.",,,Actively appREDACTEDg,"I would be interested, but I am not eligible due to graduating this semester",,Year with possibility of extending into summer,July,July,,,2025_12_13,1.0,2025_10_01,
56,Molecular Foundry,"To engage in more active learning compared to the traditional classroom experience (e.g., reading textbooks with no application),To gain hands-on skills,To explore career interests,To build mentorship connections",,Poor,No,,"Another program on campus (URAP, SURF, Rose Hills, Haas Scholars)",,Because of their commitment to intellectual development and scientific objectIvity,Somewhat Agree,Agree,Agree,Somewhat Agree,Somewhat Disagree,Somewhat Agree,Disagree,Somewhat Agree,Somewhat Agree,Somewhat Disagree,Somewhat Disagree,Somewhat Agree,More than 5 hrs/week,"Yes, in the same group.",,,Strongly considering,Yes,School credits,Year long,,June,,,2026_05_16,1.0,2026_02_28,
57,Social Sciences,"To engage in more active learning compared to the traditional classroom experience (e.g., reading textbooks with no application),To explore career interests,To build mentorship connections,To prepare for graduate school",,Good,No,,"Reaching out directly to a professor,Another program on campus (URAP, SURF, Rose Hills, Haas Scholars)",,It was a program I hadn't heard of before and I liked their approach of having more structure; research apprentices became very integrated into their respective projects and it never felt like we were just completing busy work. ,Agree,Strongly Agree,Strongly Agree,Agree,Strongly Agree,Strongly Agree,Strongly Agree,Strongly Agree,Agree,Agree,Agree,Strongly Agree,1-2 hrs/wk,"Yes, in a different group.",,,Strongly considering,Yes,,Year long,June,August,,"Over my last 2 years at Berkeley, I've struggled to find people to intellectually engage with. Many of my classes are lecture-heavy and there are few opportunities to work thoughtfully in small groups. My experience in the Discovery Research Hub was the first time I've felt like my intellectual contributions were truly valued by other people and the structure of the program was incredibly conducive to my learning. ",2026_05_16,,,4.0
58,Kavli ENSI,"To engage in more active learning compared to the traditional classroom experience (e.g., reading textbooks with no application),To gain hands-on skills,To explore career interests,To build mentorship connections,To prepare for graduate school",,Excellent,Yes,,,,,Strongly Agree,Strongly Agree,Strongly Agree,Strongly Agree,Strongly Agree,Strongly Agree,Strongly Agree,Strongly Agree,Strongly Agree,Strongly Agree,Somewhat Agree,Strongly Agree,1-2 hrs/wk,"Yes, in a different group.",,,Actively appREDACTEDg,Yes,"More related to hardware/electrical engineering
",Year long,April,June,,,2025_12_13,,,3.0
59,Kavli ENSI,"To make my undergraduate experience complete,To engage in more active learning compared to the traditional classroom experience (e.g., reading textbooks with no application),To shape knowledge, not just consume it,To gain hands-on skills,To explore career interests,To build mentorship connections,To prepare for graduate school",,Good,Yes,,"Reaching out directly to a professor,Another program on campus (URAP, SURF, Rose Hills, Haas Scholars)",,,Somewhat Agree,Strongly Agree,Agree,Agree,Agree,Strongly Agree,Agree,Agree,Strongly Agree,Agree,Agree,Agree,1-2 hrs/wk,"Yes, in a different group.",,,Actively appREDACTEDg,Yes,Funding would be greatly appreciated,Year with possibility of extending into summer,May,June,,,2026_05_16,,,4.0
60,Kavli ENSI,"To make my undergraduate experience complete,To engage in more active learning compared to the traditional classroom experience (e.g., reading textbooks with no application),To gain hands-on skills,To explore career interests",,Fair,Yes,,"Another program on campus (URAP, SURF, Rose Hills, Haas Scholars)",,,Somewhat Agree,Agree,Agree,Agree,Agree,Agree,Agree,Agree,Agree,Agree,Agree,Agree,"More than zero, but less than one hour per week",,,,Exploring options,Yes,,Year long,July,August,,Discovery Hubs provided me with the opportunity to do materials physics research at a national lab starting in my very first year at Berkeley - I learned a lot both in terms of the topics I was studying as well as my future career interests regarding going into industry vs. academia. I'm very grateful for the opportunity!,2026_05_16,2.0,2025_10_01,3.0
61,NASA Biosciences,"To engage in more active learning compared to the traditional classroom experience (e.g., reading textbooks with no application),To shape knowledge, not just consume it,To gain hands-on skills",,Very Good,No,,Reaching out directly to a professor,,Best program for me.,Agree,Agree,Agree,Agree,Agree,Agree,Agree,Agree,Agree,Agree,Agree,Agree,3-4 hrs/week,"Yes, in the same group.",,,Actively appREDACTEDg,Yes,,Year long,May,July,,,2026_05_16,2.0,2025_10_01,5.0
62,CNMAT,To make my undergraduate experience complete,,Excellent,Yes,,Reaching out directly to a professor,,,Strongly Agree,Strongly Agree,Strongly Agree,Strongly Agree,Strongly Agree,Strongly Agree,Strongly Agree,Strongly Agree,Strongly Agree,Strongly Agree,Strongly Agree,Strongly Agree,1-2 hrs/wk,"Yes, in the same group.",,,Strongly considering,Yes,,Semester long,March,March,,,2026_05_16,,,
63,Social Sciences,To gain hands-on skills,,Good,Yes,,,,,Agree,Agree,Agree,Agree,Agree,Agree,Agree,Somewhat Agree,Strongly Agree,Strongly Agree,Agree,Agree,"More than zero, but less than one hour per week",No.,"Non-academic/industry research.,Artistic / creative endeavors.,Teaching / education.",,Actively appREDACTEDg,Yes,,Semester long,July,August,,,2026_05_16,,,4.0
64,Molecular Foundry,"To engage in more active learning compared to the traditional classroom experience (e.g., reading textbooks with no application),To shape knowledge, not just consume it,To gain hands-on skills,To build mentorship connections",,Fair,Yes,,"Reaching out directly to a professor,Another program on campus (URAP, SURF, Rose Hills, Haas Scholars)",,,Somewhat Agree,Strongly Agree,Strongly Agree,Strongly Agree,Strongly Agree,Strongly Agree,Strongly Agree,Strongly Agree,Strongly Agree,Strongly Agree,Strongly Agree,Strongly Agree,1-2 hrs/wk,"Yes, in the same group.",,,Position secured or offered accepted,Yes,,Year with possibility of extending into summer,June,May,,,2026_05_16,1.0,2026_02_28,
65,Social Sciences,"To make my undergraduate experience complete,To shape knowledge, not just consume it",,Fair,No,,"Another program on campus (URAP, SURF, Rose Hills, Haas Scholars)",,,Somewhat Disagree,Agree,Agree,Agree,Agree,Agree,Agree,Agree,Agree,Agree,Agree,Agree,1-2 hrs/wk,No.,Business / consulting.,,Exploring options,Yes,,Semester long,June,July,,,2026_05_16,,,2.0
66,CICI,To make my undergraduate experience complete,,Excellent,No,,Reaching out directly to a professor,,Really loved the topic! ,Strongly Agree,Strongly Agree,Agree,Strongly Agree,Agree,Strongly Agree,Strongly Agree,Strongly Agree,Strongly Agree,,Agree,Strongly Agree,1-2 hrs/wk,No.,"Professional practice.,Teaching / education.,Government / nonprofit.",,Position secured or offered accepted,Yes,,Year long,August,August,,,2026_05_16,,,4.0
67,Molecular Foundry,"To make my undergraduate experience complete,To engage in more active learning compared to the traditional classroom experience (e.g., reading textbooks with no application),To shape knowledge, not just consume it",,Excellent,Yes,,Reaching out directly to a professor,,,Strongly Agree,Strongly Agree,Strongly Agree,Strongly Agree,Strongly Agree,Strongly Agree,Strongly Agree,Strongly Agree,Strongly Agree,Strongly Agree,Strongly Agree,Strongly Agree,1-2 hrs/wk,"Yes, in the same group.",,,Position secured or offered accepted,Yes,,Semester long,March,March,,,2026_05_16,2.0,2025_10_01,
68,CICI,"To engage in more active learning compared to the traditional classroom experience (e.g., reading textbooks with no application),To shape knowledge, not just consume it,To gain hands-on skills,To explore career interests,To build mentorship connections,To prepare for graduate school",,Fair,Yes,,"Another program on campus (URAP, SURF, Rose Hills, Haas Scholars)",,,Somewhat Agree,Strongly Agree,Strongly Agree,Strongly Agree,Strongly Agree,Strongly Agree,Strongly Agree,Strongly Agree,Strongly Agree,Strongly Agree,Strongly Agree,Strongly Agree,1-2 hrs/wk,"Yes, in the same group.",,,Strongly considering,Yes,,Year with possibility of extending into summer,July,August,,,2026_05_16,,,
69,CICI,"To make my undergraduate experience complete,To build mentorship connections,To prepare for graduate school",,Very Good,No,,"Another program on campus (URAP, SURF, Rose Hills, Haas Scholars)",,,Agree,Agree,Agree,Agree,Agree,Agree,Agree,Agree,Agree,Agree,Agree,Agree,1-2 hrs/wk,"Yes, in the same group.",,,Actively appREDACTEDg,Yes,,Semester long,May,July,,,2026_05_16,,,4.0
70,CNMAT,"To shape knowledge, not just consume it,To explore career interests",,Very Good,Yes,,"Reaching out directly to a professor,Another program on campus (URAP, SURF, Rose Hills, Haas Scholars),Other",,,Strongly Agree,Somewhat Disagree,Somewhat Disagree,Somewhat Agree,Agree,Agree,Agree,Strongly Agree,Agree,Strongly Agree,Agree,Agree,"More than zero, but less than one hour per week","Yes, in a different group.",,,Position secured or offered accepted,"I would be interested, but I am not eligible due to graduating this semester",,Year with possibility of extending into summer,June,August,,,2026_05_16,,,
71,UCSF Anesthesia and Perioperative Care,"To make my undergraduate experience complete,To explore career interests,To build mentorship connections,To prepare for graduate school",,Poor,Yes,The mentorship in Discovery Hubs is phenomenal,"Reaching out directly to a professor,Another program on campus (URAP, SURF, Rose Hills, Haas Scholars)",,Because of the built in structure,Strongly Agree,Strongly Agree,Strongly Agree,Strongly Agree,Strongly Agree,Strongly Agree,Strongly Agree,Strongly Agree,Strongly Agree,Strongly Agree,Strongly Agree,Strongly Agree,1-2 hrs/wk,"Yes, in the same group.",,,Position secured or offered accepted,,,,,,,,2026_05_16,,,
72,CICI,"To engage in more active learning compared to the traditional classroom experience (e.g., reading textbooks with no application),To shape knowledge, not just consume it,To build mentorship connections,To prepare for graduate school",,Very Good,Yes,,"Another program on campus (URAP, SURF, Rose Hills, Haas Scholars)",,,Agree,Strongly Agree,Strongly Agree,Strongly Agree,Strongly Agree,Strongly Agree,Strongly Agree,Strongly Agree,Strongly Agree,Strongly Agree,Strongly Agree,Strongly Agree,1-2 hrs/wk,No.,None of the above.,,,Yes,,Year long,July,August,,,2026_05_16,,,4.0
73,CNMAT,To make my undergraduate experience complete,,Excellent,No,,Reaching out directly to a professor,,,Strongly Agree,Strongly Agree,Strongly Agree,Strongly Agree,Strongly Agree,Strongly Agree,Strongly Agree,Strongly Agree,Strongly Agree,Strongly Agree,Strongly Agree,Strongly Agree,More than 5 hrs/week,"Yes, in the same group.",,,Strongly considering,Yes,,Year long,August,August,,,2026_05_16,,,
74,Kavli ENSI,To explore career interests,,Good,Yes,,,,,Agree,Somewhat Agree,Agree,Agree,Agree,Somewhat Disagree,Agree,Agree,Agree,Agree,Agree,Agree,More than 5 hrs/week,"Yes, in the same group.",,,Position secured or offered accepted,Yes,,Year with possibility of extending into summer,July,August,,,2026_05_16,,,4.0
75,NASA Biosciences,"To make my undergraduate experience complete,To gain hands-on skills,To explore career interests",,Good,No,,"Another program on campus (URAP, SURF, Rose Hills, Haas Scholars)",,,Strongly Agree,Somewhat Agree,Strongly Agree,Strongly Agree,Strongly Agree,Strongly Agree,Strongly Agree,Strongly Agree,Agree,Agree,Agree,Agree,3-4 hrs/week,"Yes, in the same group.",,,Strongly considering,Yes,,Year with possibility of extending into summer,March,March,,,2026_05_16,,,4.0
76,Kavli ENSI,"To make my undergraduate experience complete,To engage in more active learning compared to the traditional classroom experience (e.g., reading textbooks with no application),To gain hands-on skills,To explore career interests,To build mentorship connections",,Fair,No,,Reaching out directly to a professor,,,Agree,Agree,Agree,Agree,Agree,Agree,Agree,Strongly Agree,Somewhat Agree,Agree,Somewhat Agree,Somewhat Agree,1-2 hrs/wk,"Yes, in the same group.",,,Position secured or offer accepted,Yes,,Year long,August,August,,,2025_12_13,1.0,2025_10_01,2.0
77,Kavli ENSI,To prepare for graduate school,,Excellent,No,,Reaching out directly to a professor,,,Agree,Strongly Agree,Strongly Agree,Strongly Agree,Strongly Agree,Strongly Agree,Strongly Agree,Strongly Agree,Strongly Agree,Strongly Agree,Strongly Agree,Strongly Agree,More than 5 hrs/week,"Yes, in the same group.",,,Position secured or offered accepted,Yes,,Year with possibility of extending into summer,August,August,,,2026_05_16,2.0,2025_10_01,4.0
78,CNMAT,To explore career interests,,Good,No,,"Reaching out directly to a professor,Another program on campus (URAP, SURF, Rose Hills, Haas Scholars)",,,Agree,Agree,Agree,Agree,Agree,Strongly Agree,Agree,Strongly Agree,Agree,Somewhat Agree,Somewhat Agree,Somewhat Agree,More than 5 hrs/week,"Yes, in the same group.",,,Exploring options,Yes,,Year long,June,July,,,2026_05_16,,,
79,Kavli ENSI,To make my undergraduate experience complete,,Excellent,No,,Reaching out directly to a professor,,,Strongly Agree,Strongly Agree,Strongly Agree,Strongly Agree,Strongly Agree,Strongly Agree,Strongly Agree,Strongly Agree,Strongly Agree,Strongly Agree,Strongly Agree,Strongly Agree,3-4 hrs/week,"Yes, in the same group.",,,Position secured or offered accepted,Yes,,Semester long,March,March,,,2026_05_16,,,4.0
80,Kavli ENSI,"To make my undergraduate experience complete,To engage in more active learning compared to the traditional classroom experience (e.g., reading textbooks with no application),To shape knowledge, not just consume it,To gain hands-on skills,To explore career interests",,Fair,No,,Reaching out directly to a professor,,,,Strongly Agree,Agree,Agree,Somewhat Agree,Agree,Agree,Agree,Agree,Agree,Agree,Agree,1-2 hrs/wk,"Yes, in the same group.",,,Strongly considering,Yes,,Year long,May,August,,,2026_05_16,2.0,2025_10_01,2.0
81,CICI,"To engage in more active learning compared to the traditional classroom experience (e.g., reading textbooks with no application),To gain hands-on skills,To explore career interests,To build mentorship connections",,Excellent,Yes,Collaborative research ,,,,Somewhat Disagree,Strongly Agree,Strongly Agree,Strongly Agree,Strongly Agree,Strongly Agree,Strongly Agree,Strongly Agree,Strongly Agree,Strongly Agree,Strongly Agree,Strongly Agree,1-2 hrs/wk,No.,None of the above.,,,"I would be interested, but I am not eligible due to graduating this semester",,Year long,,,,,2026_05_16,2.0,2025_10_01,4.0
82,CICI,"To explore career interests,To prepare for graduate school",,Excellent,Yes,,"Another program on campus (URAP, SURF, Rose Hills, Haas Scholars)",,,Somewhat Agree,Strongly Agree,Strongly Agree,Strongly Agree,Strongly Agree,Strongly Agree,Strongly Agree,Strongly Agree,Strongly Agree,Strongly Agree,Strongly Agree,Strongly Agree,1-2 hrs/wk,"Yes, in a different group.",,,Position secured or offered accepted,"I would be interested, but I am not eligible due to graduating this semester",,Year long,,,,"This exposed me to so much that I did not know about, and could explore.",2026_05_16,2.0,2025_10_01,5.0
83,CICI,To prepare for graduate school,,Very Good,Yes,,,,,Agree,Strongly Agree,Strongly Agree,Strongly Agree,Strongly Agree,Strongly Agree,Strongly Agree,Strongly Agree,Strongly Agree,Strongly Agree,Strongly Agree,Strongly Agree,1-2 hrs/wk,No.,"Non-academic/industry research.,Teaching / education.",,Actively appREDACTEDg,"I would be interested, but I am not eligible due to graduating this semester",,,,,,,2026_05_16,2.0,2025_10_01,4.0
84,CNMAT,To prepare for graduate school,,Excellent,No,,"Reaching out directly to a professor,Another program on campus (URAP, SURF, Rose Hills, Haas Scholars)",,,Strongly Agree,Strongly Agree,Strongly Agree,Strongly Agree,Strongly Agree,Strongly Agree,Strongly Agree,Strongly Agree,Strongly Agree,Strongly Agree,Strongly Agree,Strongly Agree,1-2 hrs/wk,"Yes, in a different group.",,,Actively appREDACTEDg,Yes,,,March,,,,2026_05_16,,,
85,KALX,To gain hands-on skills,,Very Good,Yes,,,,,Agree,Agree,Somewhat Agree,Somewhat Agree,Agree,Agree,Somewhat Agree,Somewhat Agree,Agree,Somewhat Agree,Somewhat Agree,Agree,1-2 hrs/wk,,,,,Yes,If I knew what the Discovery Hubs were/how they relate to the internship I just completed.,Semester long,April,July,,,2026_05_16,,,
86,CICI,To make my undergraduate experience complete,,Very Good,Yes,,"Another program on campus (URAP, SURF, Rose Hills, Haas Scholars)",,,Agree,Strongly Agree,Agree,Agree,Somewhat Agree,Somewhat Agree,Strongly Agree,Strongly Agree,Agree,Strongly Agree,Agree,Strongly Agree,3-4 hrs/week,No.,,,,,,,June,,,,2026_05_16,2.0,2025_10_01,4.0
87,,I do not feel research is necessary,,Very Good,Yes,,Reaching out directly to a professor,,,Somewhat Agree,Somewhat Disagree,Strongly Disagree,Somewhat Disagree,Somewhat Agree,Somewhat Agree,Somewhat Disagree,Agree,Agree,Agree,Agree,Strongly Disagree,1-2 hrs/wk,No.,,,2,,,,,,,,2025_12_13,,,
88,KALX,,,Fair,No,,"Another program on campus (URAP, SURF, Rose Hills, Haas Scholars)",,,Somewhat Agree,Strongly Agree,Somewhat Disagree,Strongly Agree,Strongly Agree,Strongly Agree,Somewhat Agree,,,,,,,No.,"Non-academic/industry research.,Artistic / creative endeavors.,Professional practice.",,Exploring options,Yes,,Semester long,August,August,,,2026_05_16,1.0,2026_02_28,
89,CICI,"To make my undergraduate experience complete,To engage in more active learning compared to the traditional classroom experience (e.g., reading textbooks with no application),To shape knowledge, not just consume it,To gain hands-on skills,To explore career interests,To build mentorship connections",,Excellent,No,,"Reaching out directly to a professor,Another program on campus (URAP, SURF, Rose Hills, Haas Scholars)",,FARMWORKER ADVOCAXY ,Strongly Agree,Strongly Agree,Strongly Agree,Strongly Agree,Strongly Agree,Strongly Agree,Strongly Agree,,,,,,,,,,,,,,,,,,2026_05_16,2.0,2025_10_01,8.0
90,,"To make my undergraduate experience complete,To shape knowledge, not just consume it,To build mentorship connections,To prepare for graduate school,Other",,Very Good,No,,,,,,,,,,,,,,,,,,4,,,2,Yes,,Year long,,,,,2025_12_13,,,
91,,"To engage in more active learning compared to the traditional classroom experience (e.g., reading textbooks with no application),To gain hands-on skills,To explore career interests,To build mentorship connections",,Poor,Yes,,"Another program on campus (URAP, SURF, Rose Hills, Haas Scholars)",,,,,,,,,,,,,,,,,,,,,,,,,,,2025_12_13,,,
92,Kavli ENSI,To make my undergraduate experience complete,,Excellent,Yes,,Reaching out directly to a professor,,,Strongly Agree,,,,,,,,,,,,,,,,,,,,,,,,2026_05_16,,,2.0
93,Kavli ENSI,To prepare for graduate school,,Poor,Yes,,"Another program on campus (URAP, SURF, Rose Hills, Haas Scholars)",,,,,,,,,,,,,,,,,,,,,,,,,,,2025_12_13,,,2.0
94,Molecular Foundry,"To explore career interests,To build mentorship connections,To prepare for graduate school",,Very Good,Yes,,,,,,,,,,,,,,,,,,,,,,,,,,,,,2026_05_16,2.0,2025_10_01,
95,,,,,Yes,,,,,,,,,,,,,,,,,,No.,,,,,test response,,,,,,2025_12_13,,,
96,CICI,,,,,,,,,,,,,,,,,,,,,,,,,,,,,,,,,2026_05_16,2.0,2025_10_01,6.0
97,KALX,,,,,,,,,,,,,,,,,,,,,,,,,,,,,,,,,2026_05_16,1.0,2026_02_28,
98,Molecular Foundry,,,,,,,,,,,,,,,,,,,,,,,,,,,,,,,,,2026_05_16,,,
99,CICI,,,,,,,,,,,,,,,,,,,,,,,,,,,,,,,,,2026_05_16,2.0,2025_10_01,8.0
